ALA 63	0	0
ALA 63	1	0
ALA 63	2	0
ALA 63	3	0
ALA 63	4	0
ALA 63	5	0
ALA 63	6	0
ALA 63	7	0
ALA 63	8	0
ALA 63	9	0
ALA 63	10	0
ALA 63	11	0
ALA 63	12	0
ALA 63	13	0
ALA 63	14	0
ALA 63	15	0
ALA 63	16	0
ALA 63	17	0
ALA 63	18	0
ALA 63	19	0
ALA 63	20	0
ALA 63	21	0
ALA 63	22	0
ALA 63	23	0
ALA 63	24	0
ALA 63	25	0
ALA 63	26	0
ALA 63	27	0
ALA 63	28	0
ALA 63	29	0
ALA 63	30	0
ALA 63	31	0
ALA 63	32	0
ALA 63	33	0
ALA 63	34	0
ALA 63	35	0
ALA 63	36	0
ALA 63	37	0
ALA 63	38	0
ALA 63	39	0
ALA 63	40	0
ALA 63	41	0
ALA 63	42	0
ALA 63	43	0
ALA 63	44	0
ALA 63	45	0
ALA 63	46	0
ALA 63	47	0
ALA 63	48	0
ALA 63	49	0
ALA 63	50	0
ALA 63	51	0
ALA 63	52	2
ALA 63	53	0
ALA 63	54	0
ALA 63	55	0
ALA 63	56	0
ALA 63	57	0
ALA 63	58	0
ALA 63	59	0
ALA 63	60	0
ALA 63	61	0
ALA 63	62	0
ALA 63	63	0
ALA 63	64	0
ALA 63	65	0
ALA 63	66	0
ALA 63	67	0
ALA 63	68	0
ALA 63	69	0
ALA 63	70	0
ALA 63	71	0
ALA 63	72	0
ALA 63	73	0
ALA 63	74	0
ALA 63	75	0
ALA 63	76	0
ALA 63	77	0
ALA 63	78	0
ALA 63	79	0
ALA 63	80	0
ALA 63	81	0
ALA 63	82	0
ALA 63	83	0
ALA 63	84	0
ALA 63	85	0
ALA 63	86	0
ALA 63	87	0
ALA 63	88	0
ALA 63	89	0
ALA 63	90	0
ALA 63	91	0
ALA 63	92	0
ALA 63	93	1
ALA 63	94	0
ALA 63	95	0
ALA 63	96	0
ALA 63	97	0
ALA 63	98	2
ALA 63	99	0
ALA 63	100	0
ALA 63	101	0
ALA 63	102	0
ALA 63	103	0
ALA 63	104	0
ALA 63	105	1
ALA 63	106	0
ALA 63	107	0
ALA 63	108	0
ALA 63	109	0
ALA 63	110	0
ALA 63	111	0
ALA 63	112	0
ALA 63	113	0
ALA 63	114	0
ALA 63	115	0
ALA 63	116	0
ALA 63	117	0
ALA 63	118	0
ALA 63	119	0
ALA 63	120	1
ALA 63	121	0
ALA 63	122	1
ALA 63	123	2
ALA 63	124	0
ALA 63	125	0
ALA 63	126	0
ALA 63	127	0
ALA 63	128	0
ALA 63	129	0
ALA 63	130	0
ALA 63	131	0
ALA 63	132	0
ALA 63	133	1
ALA 63	134	0
ALA 63	135	0
ALA 63	136	0
ALA 63	137	0
ALA 63	138	0
ALA 63	139	0
ALA 63	140	0
ALA 63	141	0
ALA 63	142	0
ALA 63	143	0
ALA 63	144	0
ALA 63	145	0
ALA 63	146	0
ALA 63	147	0
ALA 63	148	0
ALA 63	149	0
ALA 63	150	0
ALA 63	151	0
ALA 63	152	0
ALA 63	153	0
ALA 63	154	0
ALA 63	155	0
ALA 63	156	0
ALA 63	157	0
ALA 63	158	0
ALA 63	159	0
ALA 63	160	0
ALA 63	161	0
ALA 63	162	0
ALA 63	163	0
ALA 63	164	0
ALA 63	165	0
ALA 63	166	0
ALA 63	167	0
ALA 63	168	0
ALA 63	169	0
ALA 63	170	0
ALA 63	171	0
ALA 63	172	0
ALA 63	173	0
ALA 63	174	0
ALA 63	175	0
ALA 63	176	0
ALA 63	177	0
ALA 63	178	0
ALA 63	179	0
ALA 63	180	0
ALA 63	181	0
ALA 63	182	0
ALA 63	183	0
ALA 63	184	0
ALA 63	185	0
ALA 63	186	0
ALA 63	187	0
ALA 63	188	0
ALA 63	189	0
ALA 63	190	0
ALA 63	191	0
ALA 63	192	0
ALA 63	193	0
ALA 63	194	0
ALA 63	195	0
ALA 63	196	0
ALA 63	197	0
ALA 63	198	0
ALA 63	199	0
ALA 63	200	0
ALA 63	201	0
ALA 63	202	0
ALA 63	203	0
ALA 63	204	0
ALA 63	205	0
ALA 63	206	0
ALA 63	207	0
ALA 63	208	0
ALA 63	209	0
ALA 63	210	0
ALA 63	211	0
ALA 63	212	0
ALA 63	213	0
ALA 63	214	0
ALA 63	215	0
ALA 63	216	0
ALA 63	217	0
ALA 63	218	0
ALA 63	219	0
ALA 63	220	0
ALA 63	221	0
ALA 63	222	0
ALA 63	223	1
ALA 63	224	0
ALA 63	225	0
ALA 63	226	0
ALA 63	227	0
ALA 63	228	0
ALA 63	229	0
ALA 63	230	0
ALA 63	231	0
ALA 63	232	0
ALA 63	233	0
ALA 63	234	0
ALA 63	235	0
ALA 63	236	0
ALA 63	237	0
ALA 63	238	0
ALA 63	239	0
ALA 63	240	0
ALA 63	241	0
ALA 63	242	0
ALA 63	243	0
ALA 63	244	0
ALA 63	245	0
ALA 63	246	0
ALA 63	247	0
ALA 63	248	0
ALA 63	249	0
ALA 63	250	0
ALA 63	251	0
ALA 63	252	0
ALA 63	253	0
ALA 63	254	0
ALA 63	255	0
ALA 63	256	0
ALA 63	257	0
ALA 63	258	0
ALA 63	259	0
ALA 63	260	0
ALA 63	261	0
ALA 63	262	0
ALA 63	263	0
ALA 63	264	0
ALA 63	265	0
ALA 63	266	0
ALA 63	267	0
ALA 63	268	0
ALA 63	269	0
ALA 63	270	0
ALA 63	271	0
ALA 63	272	0
ALA 63	273	0
ALA 63	274	0
ALA 63	275	0
ALA 63	276	0
ALA 63	277	0
ALA 63	278	0
ALA 63	279	0
ALA 63	280	0
ALA 63	281	0
ALA 63	282	0
ALA 63	283	0
ALA 63	284	0
ALA 63	285	0
ALA 63	286	0
ALA 63	287	0
ALA 63	288	0
ALA 63	289	0
ALA 63	290	0
ALA 63	291	0
ALA 63	292	0
ALA 63	293	0
ALA 63	294	0
ALA 63	295	2
ALA 63	296	0
ALA 63	297	0
ALA 63	298	0
ALA 63	299	0
ALA 63	300	0
ALA 63	301	0
ALA 63	302	0
ALA 63	303	0
ALA 63	304	0
ALA 63	305	0
ALA 63	306	0
ALA 63	307	0
ALA 63	308	0
ALA 63	309	0
ALA 63	310	0
ALA 63	311	0
ALA 63	312	0
ALA 63	313	0
ALA 63	314	0
ALA 63	315	0
ALA 63	316	0
ALA 63	317	0
ALA 63	318	0
ALA 63	319	0
ALA 63	320	0
ALA 63	321	0
ALA 63	322	0
ALA 63	323	0
ALA 63	324	0
ALA 63	325	1
ALA 63	326	0
ALA 63	327	0
ALA 63	328	0
ALA 63	329	0
ALA 63	330	0
ALA 63	331	1
ALA 63	332	0
ALA 63	333	0
ALA 63	334	0
ALA 63	335	0
ALA 63	336	0
ALA 63	337	1
ALA 63	338	1
ALA 63	339	0
ALA 63	340	1
ALA 63	341	0
ALA 63	342	0
ALA 63	343	0
ALA 63	344	0
ALA 63	345	0
ALA 63	346	0
ALA 63	347	0
ALA 63	348	0
ALA 63	349	0
ALA 63	350	0
ALA 63	351	0
ALA 63	352	0
ALA 63	353	0
ALA 63	354	0
ALA 63	355	0
ALA 63	356	0
ALA 63	357	0
ALA 63	358	0
ALA 63	359	0
ALA 63	360	0
ALA 63	361	0
ALA 63	362	0
ALA 63	363	0
ALA 63	364	0
ALA 63	365	0
ALA 63	366	0
ALA 63	367	0
ALA 63	368	0
ALA 63	369	0
ALA 63	370	0
ALA 63	371	0
ALA 63	372	3
ALA 63	373	2
ALA 63	374	0
ALA 63	375	0
ALA 63	376	0
ALA 63	377	2
ALA 63	378	0
ALA 63	379	0
ALA 63	380	0
ALA 63	381	0
ALA 63	382	1
ALA 63	383	0
ALA 63	384	0
ALA 63	385	0
ALA 63	386	0
ALA 63	387	0
ALA 63	388	0
ALA 63	389	0
ALA 63	390	0
ALA 63	391	0
ALA 63	392	0
ALA 63	393	0
ALA 63	394	0
ALA 63	395	0
ALA 63	396	0
ALA 63	397	1
ALA 63	398	0
ALA 63	399	0
ALA 63	400	1
ALA 63	401	0
ALA 63	402	0
ALA 63	403	0
ALA 63	404	0
ALA 63	405	0
ALA 63	406	0
ALA 63	407	1
ALA 63	408	0
ALA 63	409	0
ALA 63	410	0
ALA 63	411	0
ALA 63	412	0
ALA 63	413	0
ALA 63	414	0
ALA 63	415	0
ALA 63	416	0
ALA 63	417	0
ALA 63	418	0
ALA 63	419	0
ALA 63	420	0
ALA 63	421	0
ALA 63	422	0
ALA 63	423	0
ALA 63	424	0
ALA 63	425	0
ALA 63	426	0
ALA 63	427	0
ALA 63	428	0
ALA 63	429	0
ALA 63	430	0
ALA 63	431	0
ALA 63	432	0
ALA 63	433	0
ALA 63	434	0
ALA 63	435	0
ALA 63	436	0
ALA 63	437	0
ALA 63	438	0
ALA 63	439	0
ALA 63	440	0
ALA 63	441	0
ALA 63	442	0
ALA 63	443	1
ALA 63	444	0
ALA 63	445	0
ALA 63	446	0
ALA 63	447	1
ALA 63	448	0
ALA 63	449	0
ALA 63	450	0
ALA 63	451	0
ALA 63	452	1
ALA 63	453	0
ALA 63	454	0
ALA 63	455	0
ALA 63	456	0
ALA 63	457	0
ALA 63	458	1
ALA 63	459	0
ALA 63	460	0
ALA 63	461	0
ALA 63	462	0
ALA 63	463	0
ALA 63	464	2
ALA 63	465	4
ALA 63	466	0
ALA 63	467	0
ALA 63	468	0
ALA 63	469	0
ALA 63	470	0
ALA 63	471	0
ALA 63	472	0
ALA 63	473	2
ALA 63	474	0
ALA 63	475	0
ALA 63	476	1
ALA 63	477	4
ALA 63	478	6
ALA 63	479	1
ALA 63	480	5
ALA 63	481	0
ALA 63	482	4
ALA 63	483	1
ALA 63	484	3
ALA 63	485	0
ALA 63	486	2
ALA 63	487	2
ALA 63	488	2
ALA 63	489	4
ALA 63	490	6
ALA 63	491	6
ALA 63	492	2
ALA 63	493	3
ALA 63	494	6
ALA 63	495	2
ALA 63	496	4
ALA 63	497	3
ALA 63	498	3
ALA 63	499	1
ALA 63	500	5
SER 67	0	0
SER 67	1	0
SER 67	2	0
SER 67	3	0
SER 67	4	0
SER 67	5	0
SER 67	6	0
SER 67	7	0
SER 67	8	0
SER 67	9	0
SER 67	10	0
SER 67	11	0
SER 67	12	0
SER 67	13	0
SER 67	14	0
SER 67	15	0
SER 67	16	0
SER 67	17	0
SER 67	18	0
SER 67	19	0
SER 67	20	0
SER 67	21	0
SER 67	22	0
SER 67	23	0
SER 67	24	0
SER 67	25	0
SER 67	26	0
SER 67	27	0
SER 67	28	0
SER 67	29	0
SER 67	30	0
SER 67	31	0
SER 67	32	0
SER 67	33	0
SER 67	34	0
SER 67	35	0
SER 67	36	0
SER 67	37	0
SER 67	38	0
SER 67	39	0
SER 67	40	0
SER 67	41	0
SER 67	42	0
SER 67	43	0
SER 67	44	0
SER 67	45	0
SER 67	46	0
SER 67	47	0
SER 67	48	0
SER 67	49	0
SER 67	50	0
SER 67	51	0
SER 67	52	0
SER 67	53	0
SER 67	54	0
SER 67	55	0
SER 67	56	0
SER 67	57	0
SER 67	58	0
SER 67	59	0
SER 67	60	0
SER 67	61	0
SER 67	62	0
SER 67	63	0
SER 67	64	0
SER 67	65	0
SER 67	66	0
SER 67	67	0
SER 67	68	0
SER 67	69	0
SER 67	70	0
SER 67	71	0
SER 67	72	0
SER 67	73	0
SER 67	74	0
SER 67	75	0
SER 67	76	0
SER 67	77	0
SER 67	78	0
SER 67	79	0
SER 67	80	0
SER 67	81	0
SER 67	82	0
SER 67	83	0
SER 67	84	0
SER 67	85	0
SER 67	86	0
SER 67	87	0
SER 67	88	0
SER 67	89	0
SER 67	90	0
SER 67	91	0
SER 67	92	0
SER 67	93	0
SER 67	94	0
SER 67	95	0
SER 67	96	0
SER 67	97	0
SER 67	98	0
SER 67	99	0
SER 67	100	0
SER 67	101	0
SER 67	102	0
SER 67	103	0
SER 67	104	0
SER 67	105	0
SER 67	106	0
SER 67	107	0
SER 67	108	0
SER 67	109	0
SER 67	110	0
SER 67	111	0
SER 67	112	0
SER 67	113	0
SER 67	114	0
SER 67	115	0
SER 67	116	0
SER 67	117	0
SER 67	118	0
SER 67	119	0
SER 67	120	1
SER 67	121	0
SER 67	122	2
SER 67	123	0
SER 67	124	0
SER 67	125	0
SER 67	126	0
SER 67	127	0
SER 67	128	0
SER 67	129	0
SER 67	130	0
SER 67	131	0
SER 67	132	0
SER 67	133	0
SER 67	134	0
SER 67	135	0
SER 67	136	0
SER 67	137	0
SER 67	138	0
SER 67	139	0
SER 67	140	0
SER 67	141	0
SER 67	142	0
SER 67	143	0
SER 67	144	0
SER 67	145	0
SER 67	146	0
SER 67	147	0
SER 67	148	0
SER 67	149	0
SER 67	150	0
SER 67	151	0
SER 67	152	0
SER 67	153	0
SER 67	154	0
SER 67	155	0
SER 67	156	0
SER 67	157	0
SER 67	158	0
SER 67	159	0
SER 67	160	0
SER 67	161	0
SER 67	162	0
SER 67	163	0
SER 67	164	0
SER 67	165	0
SER 67	166	0
SER 67	167	0
SER 67	168	0
SER 67	169	0
SER 67	170	0
SER 67	171	0
SER 67	172	0
SER 67	173	0
SER 67	174	0
SER 67	175	0
SER 67	176	0
SER 67	177	0
SER 67	178	0
SER 67	179	0
SER 67	180	0
SER 67	181	0
SER 67	182	0
SER 67	183	0
SER 67	184	0
SER 67	185	0
SER 67	186	0
SER 67	187	0
SER 67	188	0
SER 67	189	0
SER 67	190	0
SER 67	191	0
SER 67	192	0
SER 67	193	0
SER 67	194	0
SER 67	195	0
SER 67	196	0
SER 67	197	0
SER 67	198	0
SER 67	199	0
SER 67	200	0
SER 67	201	0
SER 67	202	0
SER 67	203	0
SER 67	204	0
SER 67	205	0
SER 67	206	0
SER 67	207	0
SER 67	208	0
SER 67	209	0
SER 67	210	0
SER 67	211	0
SER 67	212	0
SER 67	213	0
SER 67	214	0
SER 67	215	0
SER 67	216	0
SER 67	217	0
SER 67	218	0
SER 67	219	0
SER 67	220	0
SER 67	221	0
SER 67	222	0
SER 67	223	0
SER 67	224	0
SER 67	225	0
SER 67	226	0
SER 67	227	0
SER 67	228	0
SER 67	229	0
SER 67	230	0
SER 67	231	0
SER 67	232	0
SER 67	233	0
SER 67	234	0
SER 67	235	0
SER 67	236	0
SER 67	237	0
SER 67	238	0
SER 67	239	0
SER 67	240	0
SER 67	241	0
SER 67	242	0
SER 67	243	0
SER 67	244	0
SER 67	245	0
SER 67	246	0
SER 67	247	0
SER 67	248	0
SER 67	249	0
SER 67	250	0
SER 67	251	0
SER 67	252	0
SER 67	253	0
SER 67	254	0
SER 67	255	0
SER 67	256	0
SER 67	257	0
SER 67	258	0
SER 67	259	0
SER 67	260	0
SER 67	261	0
SER 67	262	0
SER 67	263	0
SER 67	264	0
SER 67	265	0
SER 67	266	0
SER 67	267	0
SER 67	268	0
SER 67	269	0
SER 67	270	0
SER 67	271	0
SER 67	272	0
SER 67	273	0
SER 67	274	0
SER 67	275	0
SER 67	276	0
SER 67	277	0
SER 67	278	0
SER 67	279	0
SER 67	280	0
SER 67	281	0
SER 67	282	0
SER 67	283	0
SER 67	284	0
SER 67	285	0
SER 67	286	0
SER 67	287	0
SER 67	288	0
SER 67	289	0
SER 67	290	0
SER 67	291	0
SER 67	292	0
SER 67	293	0
SER 67	294	0
SER 67	295	0
SER 67	296	0
SER 67	297	0
SER 67	298	0
SER 67	299	0
SER 67	300	0
SER 67	301	0
SER 67	302	0
SER 67	303	0
SER 67	304	0
SER 67	305	0
SER 67	306	0
SER 67	307	0
SER 67	308	0
SER 67	309	0
SER 67	310	0
SER 67	311	0
SER 67	312	0
SER 67	313	0
SER 67	314	0
SER 67	315	0
SER 67	316	0
SER 67	317	0
SER 67	318	0
SER 67	319	0
SER 67	320	0
SER 67	321	0
SER 67	322	0
SER 67	323	0
SER 67	324	0
SER 67	325	0
SER 67	326	0
SER 67	327	0
SER 67	328	0
SER 67	329	0
SER 67	330	0
SER 67	331	0
SER 67	332	0
SER 67	333	0
SER 67	334	0
SER 67	335	0
SER 67	336	0
SER 67	337	0
SER 67	338	0
SER 67	339	0
SER 67	340	0
SER 67	341	0
SER 67	342	0
SER 67	343	0
SER 67	344	0
SER 67	345	0
SER 67	346	0
SER 67	347	0
SER 67	348	0
SER 67	349	0
SER 67	350	0
SER 67	351	0
SER 67	352	0
SER 67	353	0
SER 67	354	0
SER 67	355	0
SER 67	356	0
SER 67	357	0
SER 67	358	0
SER 67	359	0
SER 67	360	0
SER 67	361	0
SER 67	362	0
SER 67	363	0
SER 67	364	0
SER 67	365	0
SER 67	366	0
SER 67	367	0
SER 67	368	0
SER 67	369	0
SER 67	370	0
SER 67	371	0
SER 67	372	0
SER 67	373	0
SER 67	374	0
SER 67	375	0
SER 67	376	0
SER 67	377	0
SER 67	378	0
SER 67	379	0
SER 67	380	0
SER 67	381	0
SER 67	382	0
SER 67	383	0
SER 67	384	0
SER 67	385	0
SER 67	386	0
SER 67	387	0
SER 67	388	0
SER 67	389	0
SER 67	390	0
SER 67	391	0
SER 67	392	0
SER 67	393	0
SER 67	394	0
SER 67	395	0
SER 67	396	0
SER 67	397	0
SER 67	398	0
SER 67	399	0
SER 67	400	0
SER 67	401	0
SER 67	402	0
SER 67	403	0
SER 67	404	0
SER 67	405	0
SER 67	406	0
SER 67	407	0
SER 67	408	0
SER 67	409	0
SER 67	410	0
SER 67	411	0
SER 67	412	0
SER 67	413	0
SER 67	414	0
SER 67	415	0
SER 67	416	0
SER 67	417	0
SER 67	418	0
SER 67	419	0
SER 67	420	0
SER 67	421	0
SER 67	422	0
SER 67	423	0
SER 67	424	0
SER 67	425	0
SER 67	426	0
SER 67	427	0
SER 67	428	0
SER 67	429	0
SER 67	430	0
SER 67	431	0
SER 67	432	0
SER 67	433	0
SER 67	434	0
SER 67	435	0
SER 67	436	0
SER 67	437	0
SER 67	438	0
SER 67	439	0
SER 67	440	0
SER 67	441	0
SER 67	442	0
SER 67	443	0
SER 67	444	0
SER 67	445	0
SER 67	446	0
SER 67	447	0
SER 67	448	0
SER 67	449	0
SER 67	450	0
SER 67	451	0
SER 67	452	0
SER 67	453	0
SER 67	454	0
SER 67	455	0
SER 67	456	0
SER 67	457	0
SER 67	458	0
SER 67	459	0
SER 67	460	0
SER 67	461	0
SER 67	462	0
SER 67	463	0
SER 67	464	0
SER 67	465	0
SER 67	466	0
SER 67	467	0
SER 67	468	0
SER 67	469	0
SER 67	470	0
SER 67	471	0
SER 67	472	0
SER 67	473	0
SER 67	474	0
SER 67	475	1
SER 67	476	0
SER 67	477	0
SER 67	478	2
SER 67	479	0
SER 67	480	0
SER 67	481	1
SER 67	482	2
SER 67	483	0
SER 67	484	1
SER 67	485	1
SER 67	486	1
SER 67	487	0
SER 67	488	2
SER 67	489	1
SER 67	490	3
SER 67	491	0
SER 67	492	0
SER 67	493	2
SER 67	494	3
SER 67	495	2
SER 67	496	2
SER 67	497	2
SER 67	498	1
SER 67	499	2
SER 67	500	2
VAL 84	0	4
VAL 84	1	3
VAL 84	2	2
VAL 84	3	3
VAL 84	4	4
VAL 84	5	1
VAL 84	6	1
VAL 84	7	0
VAL 84	8	3
VAL 84	9	3
VAL 84	10	1
VAL 84	11	2
VAL 84	12	1
VAL 84	13	4
VAL 84	14	1
VAL 84	15	2
VAL 84	16	3
VAL 84	17	0
VAL 84	18	3
VAL 84	19	1
VAL 84	20	3
VAL 84	21	5
VAL 84	22	4
VAL 84	23	3
VAL 84	24	0
VAL 84	25	5
VAL 84	26	3
VAL 84	27	3
VAL 84	28	7
VAL 84	29	1
VAL 84	30	1
VAL 84	31	1
VAL 84	32	1
VAL 84	33	1
VAL 84	34	2
VAL 84	35	5
VAL 84	36	0
VAL 84	37	3
VAL 84	38	1
VAL 84	39	2
VAL 84	40	0
VAL 84	41	0
VAL 84	42	1
VAL 84	43	1
VAL 84	44	2
VAL 84	45	1
VAL 84	46	2
VAL 84	47	0
VAL 84	48	4
VAL 84	49	5
VAL 84	50	2
VAL 84	51	0
VAL 84	52	3
VAL 84	53	3
VAL 84	54	1
VAL 84	55	1
VAL 84	56	1
VAL 84	57	0
VAL 84	58	2
VAL 84	59	0
VAL 84	60	1
VAL 84	61	0
VAL 84	62	1
VAL 84	63	1
VAL 84	64	1
VAL 84	65	0
VAL 84	66	4
VAL 84	67	1
VAL 84	68	0
VAL 84	69	1
VAL 84	70	1
VAL 84	71	0
VAL 84	72	1
VAL 84	73	1
VAL 84	74	1
VAL 84	75	0
VAL 84	76	3
VAL 84	77	0
VAL 84	78	1
VAL 84	79	3
VAL 84	80	1
VAL 84	81	2
VAL 84	82	4
VAL 84	83	2
VAL 84	84	8
VAL 84	85	4
VAL 84	86	1
VAL 84	87	2
VAL 84	88	3
VAL 84	89	0
VAL 84	90	5
VAL 84	91	2
VAL 84	92	1
VAL 84	93	1
VAL 84	94	0
VAL 84	95	2
VAL 84	96	1
VAL 84	97	3
VAL 84	98	1
VAL 84	99	1
VAL 84	100	4
VAL 84	101	3
VAL 84	102	2
VAL 84	103	1
VAL 84	104	0
VAL 84	105	3
VAL 84	106	1
VAL 84	107	4
VAL 84	108	2
VAL 84	109	1
VAL 84	110	3
VAL 84	111	4
VAL 84	112	2
VAL 84	113	1
VAL 84	114	1
VAL 84	115	3
VAL 84	116	1
VAL 84	117	1
VAL 84	118	1
VAL 84	119	2
VAL 84	120	3
VAL 84	121	2
VAL 84	122	4
VAL 84	123	1
VAL 84	124	7
VAL 84	125	0
VAL 84	126	2
VAL 84	127	1
VAL 84	128	0
VAL 84	129	1
VAL 84	130	0
VAL 84	131	4
VAL 84	132	0
VAL 84	133	2
VAL 84	134	0
VAL 84	135	1
VAL 84	136	1
VAL 84	137	1
VAL 84	138	1
VAL 84	139	3
VAL 84	140	1
VAL 84	141	1
VAL 84	142	0
VAL 84	143	2
VAL 84	144	2
VAL 84	145	1
VAL 84	146	1
VAL 84	147	1
VAL 84	148	0
VAL 84	149	3
VAL 84	150	2
VAL 84	151	2
VAL 84	152	1
VAL 84	153	1
VAL 84	154	0
VAL 84	155	1
VAL 84	156	4
VAL 84	157	4
VAL 84	158	2
VAL 84	159	1
VAL 84	160	3
VAL 84	161	1
VAL 84	162	5
VAL 84	163	1
VAL 84	164	1
VAL 84	165	1
VAL 84	166	2
VAL 84	167	1
VAL 84	168	1
VAL 84	169	1
VAL 84	170	0
VAL 84	171	1
VAL 84	172	1
VAL 84	173	3
VAL 84	174	1
VAL 84	175	2
VAL 84	176	3
VAL 84	177	5
VAL 84	178	1
VAL 84	179	1
VAL 84	180	8
VAL 84	181	3
VAL 84	182	2
VAL 84	183	2
VAL 84	184	2
VAL 84	185	3
VAL 84	186	1
VAL 84	187	2
VAL 84	188	1
VAL 84	189	1
VAL 84	190	1
VAL 84	191	0
VAL 84	192	2
VAL 84	193	6
VAL 84	194	0
VAL 84	195	2
VAL 84	196	0
VAL 84	197	1
VAL 84	198	0
VAL 84	199	0
VAL 84	200	1
VAL 84	201	0
VAL 84	202	1
VAL 84	203	1
VAL 84	204	0
VAL 84	205	2
VAL 84	206	2
VAL 84	207	0
VAL 84	208	1
VAL 84	209	5
VAL 84	210	2
VAL 84	211	1
VAL 84	212	1
VAL 84	213	1
VAL 84	214	5
VAL 84	215	2
VAL 84	216	2
VAL 84	217	3
VAL 84	218	2
VAL 84	219	0
VAL 84	220	1
VAL 84	221	1
VAL 84	222	1
VAL 84	223	4
VAL 84	224	0
VAL 84	225	0
VAL 84	226	2
VAL 84	227	2
VAL 84	228	0
VAL 84	229	0
VAL 84	230	3
VAL 84	231	2
VAL 84	232	1
VAL 84	233	2
VAL 84	234	4
VAL 84	235	0
VAL 84	236	1
VAL 84	237	0
VAL 84	238	0
VAL 84	239	0
VAL 84	240	1
VAL 84	241	1
VAL 84	242	4
VAL 84	243	1
VAL 84	244	1
VAL 84	245	2
VAL 84	246	0
VAL 84	247	5
VAL 84	248	0
VAL 84	249	3
VAL 84	250	0
VAL 84	251	2
VAL 84	252	1
VAL 84	253	1
VAL 84	254	1
VAL 84	255	1
VAL 84	256	2
VAL 84	257	1
VAL 84	258	0
VAL 84	259	0
VAL 84	260	3
VAL 84	261	1
VAL 84	262	0
VAL 84	263	0
VAL 84	264	2
VAL 84	265	0
VAL 84	266	1
VAL 84	267	1
VAL 84	268	2
VAL 84	269	3
VAL 84	270	3
VAL 84	271	1
VAL 84	272	0
VAL 84	273	0
VAL 84	274	2
VAL 84	275	3
VAL 84	276	1
VAL 84	277	3
VAL 84	278	0
VAL 84	279	2
VAL 84	280	1
VAL 84	281	2
VAL 84	282	3
VAL 84	283	0
VAL 84	284	0
VAL 84	285	3
VAL 84	286	2
VAL 84	287	2
VAL 84	288	3
VAL 84	289	1
VAL 84	290	3
VAL 84	291	4
VAL 84	292	1
VAL 84	293	3
VAL 84	294	3
VAL 84	295	5
VAL 84	296	3
VAL 84	297	0
VAL 84	298	3
VAL 84	299	1
VAL 84	300	3
VAL 84	301	2
VAL 84	302	1
VAL 84	303	3
VAL 84	304	1
VAL 84	305	1
VAL 84	306	1
VAL 84	307	3
VAL 84	308	3
VAL 84	309	5
VAL 84	310	3
VAL 84	311	1
VAL 84	312	2
VAL 84	313	7
VAL 84	314	2
VAL 84	315	3
VAL 84	316	0
VAL 84	317	2
VAL 84	318	1
VAL 84	319	4
VAL 84	320	1
VAL 84	321	1
VAL 84	322	1
VAL 84	323	5
VAL 84	324	1
VAL 84	325	1
VAL 84	326	5
VAL 84	327	4
VAL 84	328	2
VAL 84	329	1
VAL 84	330	1
VAL 84	331	2
VAL 84	332	1
VAL 84	333	3
VAL 84	334	5
VAL 84	335	2
VAL 84	336	3
VAL 84	337	2
VAL 84	338	4
VAL 84	339	2
VAL 84	340	1
VAL 84	341	3
VAL 84	342	1
VAL 84	343	2
VAL 84	344	5
VAL 84	345	2
VAL 84	346	1
VAL 84	347	1
VAL 84	348	0
VAL 84	349	2
VAL 84	350	0
VAL 84	351	3
VAL 84	352	1
VAL 84	353	2
VAL 84	354	2
VAL 84	355	0
VAL 84	356	1
VAL 84	357	5
VAL 84	358	1
VAL 84	359	1
VAL 84	360	0
VAL 84	361	0
VAL 84	362	0
VAL 84	363	1
VAL 84	364	1
VAL 84	365	0
VAL 84	366	2
VAL 84	367	4
VAL 84	368	2
VAL 84	369	0
VAL 84	370	3
VAL 84	371	3
VAL 84	372	3
VAL 84	373	2
VAL 84	374	2
VAL 84	375	1
VAL 84	376	1
VAL 84	377	2
VAL 84	378	2
VAL 84	379	1
VAL 84	380	1
VAL 84	381	1
VAL 84	382	3
VAL 84	383	1
VAL 84	384	1
VAL 84	385	0
VAL 84	386	0
VAL 84	387	2
VAL 84	388	1
VAL 84	389	5
VAL 84	390	1
VAL 84	391	3
VAL 84	392	2
VAL 84	393	4
VAL 84	394	4
VAL 84	395	3
VAL 84	396	3
VAL 84	397	2
VAL 84	398	2
VAL 84	399	2
VAL 84	400	2
VAL 84	401	1
VAL 84	402	3
VAL 84	403	6
VAL 84	404	1
VAL 84	405	2
VAL 84	406	3
VAL 84	407	5
VAL 84	408	1
VAL 84	409	3
VAL 84	410	5
VAL 84	411	8
VAL 84	412	3
VAL 84	413	3
VAL 84	414	1
VAL 84	415	4
VAL 84	416	6
VAL 84	417	2
VAL 84	418	3
VAL 84	419	1
VAL 84	420	1
VAL 84	421	0
VAL 84	422	0
VAL 84	423	2
VAL 84	424	1
VAL 84	425	0
VAL 84	426	3
VAL 84	427	1
VAL 84	428	7
VAL 84	429	4
VAL 84	430	2
VAL 84	431	2
VAL 84	432	2
VAL 84	433	2
VAL 84	434	4
VAL 84	435	1
VAL 84	436	1
VAL 84	437	4
VAL 84	438	0
VAL 84	439	3
VAL 84	440	2
VAL 84	441	2
VAL 84	442	1
VAL 84	443	1
VAL 84	444	5
VAL 84	445	2
VAL 84	446	0
VAL 84	447	2
VAL 84	448	5
VAL 84	449	0
VAL 84	450	2
VAL 84	451	3
VAL 84	452	2
VAL 84	453	1
VAL 84	454	0
VAL 84	455	2
VAL 84	456	3
VAL 84	457	2
VAL 84	458	6
VAL 84	459	8
VAL 84	460	2
VAL 84	461	0
VAL 84	462	1
VAL 84	463	5
VAL 84	464	5
VAL 84	465	2
VAL 84	466	1
VAL 84	467	2
VAL 84	468	1
VAL 84	469	0
VAL 84	470	1
VAL 84	471	5
VAL 84	472	1
VAL 84	473	4
VAL 84	474	4
VAL 84	475	2
VAL 84	476	5
VAL 84	477	8
VAL 84	478	7
VAL 84	479	4
VAL 84	480	5
VAL 84	481	3
VAL 84	482	3
VAL 84	483	1
VAL 84	484	2
VAL 84	485	3
VAL 84	486	1
VAL 84	487	8
VAL 84	488	4
VAL 84	489	3
VAL 84	490	5
VAL 84	491	5
VAL 84	492	4
VAL 84	493	4
VAL 84	494	3
VAL 84	495	7
VAL 84	496	7
VAL 84	497	3
VAL 84	498	4
VAL 84	499	6
VAL 84	500	7
LEU 85	0	1
LEU 85	1	3
LEU 85	2	1
LEU 85	3	2
LEU 85	4	1
LEU 85	5	1
LEU 85	6	1
LEU 85	7	1
LEU 85	8	1
LEU 85	9	1
LEU 85	10	5
LEU 85	11	2
LEU 85	12	4
LEU 85	13	6
LEU 85	14	2
LEU 85	15	4
LEU 85	16	1
LEU 85	17	1
LEU 85	18	5
LEU 85	19	1
LEU 85	20	1
LEU 85	21	1
LEU 85	22	2
LEU 85	23	4
LEU 85	24	4
LEU 85	25	1
LEU 85	26	2
LEU 85	27	2
LEU 85	28	2
LEU 85	29	4
LEU 85	30	2
LEU 85	31	2
LEU 85	32	2
LEU 85	33	5
LEU 85	34	2
LEU 85	35	2
LEU 85	36	1
LEU 85	37	1
LEU 85	38	2
LEU 85	39	3
LEU 85	40	1
LEU 85	41	1
LEU 85	42	4
LEU 85	43	2
LEU 85	44	1
LEU 85	45	2
LEU 85	46	2
LEU 85	47	4
LEU 85	48	2
LEU 85	49	2
LEU 85	50	5
LEU 85	51	4
LEU 85	52	2
LEU 85	53	4
LEU 85	54	2
LEU 85	55	7
LEU 85	56	4
LEU 85	57	3
LEU 85	58	2
LEU 85	59	6
LEU 85	60	3
LEU 85	61	1
LEU 85	62	3
LEU 85	63	3
LEU 85	64	7
LEU 85	65	5
LEU 85	66	3
LEU 85	67	8
LEU 85	68	3
LEU 85	69	2
LEU 85	70	4
LEU 85	71	1
LEU 85	72	2
LEU 85	73	8
LEU 85	74	8
LEU 85	75	4
LEU 85	76	2
LEU 85	77	2
LEU 85	78	2
LEU 85	79	4
LEU 85	80	7
LEU 85	81	2
LEU 85	82	2
LEU 85	83	3
LEU 85	84	2
LEU 85	85	3
LEU 85	86	2
LEU 85	87	3
LEU 85	88	4
LEU 85	89	2
LEU 85	90	7
LEU 85	91	3
LEU 85	92	6
LEU 85	93	1
LEU 85	94	1
LEU 85	95	3
LEU 85	96	4
LEU 85	97	8
LEU 85	98	3
LEU 85	99	5
LEU 85	100	5
LEU 85	101	5
LEU 85	102	3
LEU 85	103	5
LEU 85	104	4
LEU 85	105	3
LEU 85	106	2
LEU 85	107	5
LEU 85	108	3
LEU 85	109	2
LEU 85	110	10
LEU 85	111	3
LEU 85	112	5
LEU 85	113	4
LEU 85	114	4
LEU 85	115	1
LEU 85	116	2
LEU 85	117	1
LEU 85	118	4
LEU 85	119	2
LEU 85	120	4
LEU 85	121	5
LEU 85	122	3
LEU 85	123	3
LEU 85	124	8
LEU 85	125	5
LEU 85	126	2
LEU 85	127	2
LEU 85	128	3
LEU 85	129	4
LEU 85	130	4
LEU 85	131	4
LEU 85	132	4
LEU 85	133	8
LEU 85	134	6
LEU 85	135	2
LEU 85	136	2
LEU 85	137	2
LEU 85	138	1
LEU 85	139	3
LEU 85	140	2
LEU 85	141	4
LEU 85	142	2
LEU 85	143	2
LEU 85	144	6
LEU 85	145	3
LEU 85	146	4
LEU 85	147	2
LEU 85	148	4
LEU 85	149	2
LEU 85	150	1
LEU 85	151	6
LEU 85	152	5
LEU 85	153	6
LEU 85	154	3
LEU 85	155	4
LEU 85	156	2
LEU 85	157	3
LEU 85	158	2
LEU 85	159	5
LEU 85	160	3
LEU 85	161	2
LEU 85	162	3
LEU 85	163	1
LEU 85	164	5
LEU 85	165	1
LEU 85	166	1
LEU 85	167	1
LEU 85	168	1
LEU 85	169	3
LEU 85	170	2
LEU 85	171	2
LEU 85	172	2
LEU 85	173	7
LEU 85	174	4
LEU 85	175	7
LEU 85	176	2
LEU 85	177	2
LEU 85	178	2
LEU 85	179	3
LEU 85	180	6
LEU 85	181	2
LEU 85	182	1
LEU 85	183	4
LEU 85	184	4
LEU 85	185	3
LEU 85	186	4
LEU 85	187	2
LEU 85	188	4
LEU 85	189	6
LEU 85	190	3
LEU 85	191	2
LEU 85	192	7
LEU 85	193	2
LEU 85	194	5
LEU 85	195	2
LEU 85	196	1
LEU 85	197	3
LEU 85	198	5
LEU 85	199	3
LEU 85	200	4
LEU 85	201	4
LEU 85	202	6
LEU 85	203	4
LEU 85	204	8
LEU 85	205	5
LEU 85	206	6
LEU 85	207	3
LEU 85	208	4
LEU 85	209	2
LEU 85	210	3
LEU 85	211	2
LEU 85	212	5
LEU 85	213	3
LEU 85	214	3
LEU 85	215	3
LEU 85	216	3
LEU 85	217	2
LEU 85	218	3
LEU 85	219	2
LEU 85	220	2
LEU 85	221	5
LEU 85	222	1
LEU 85	223	2
LEU 85	224	1
LEU 85	225	3
LEU 85	226	1
LEU 85	227	1
LEU 85	228	4
LEU 85	229	4
LEU 85	230	2
LEU 85	231	0
LEU 85	232	2
LEU 85	233	3
LEU 85	234	4
LEU 85	235	2
LEU 85	236	1
LEU 85	237	4
LEU 85	238	1
LEU 85	239	5
LEU 85	240	1
LEU 85	241	2
LEU 85	242	1
LEU 85	243	2
LEU 85	244	5
LEU 85	245	0
LEU 85	246	2
LEU 85	247	1
LEU 85	248	4
LEU 85	249	2
LEU 85	250	5
LEU 85	251	1
LEU 85	252	1
LEU 85	253	5
LEU 85	254	3
LEU 85	255	7
LEU 85	256	6
LEU 85	257	4
LEU 85	258	5
LEU 85	259	1
LEU 85	260	5
LEU 85	261	6
LEU 85	262	3
LEU 85	263	5
LEU 85	264	2
LEU 85	265	0
LEU 85	266	1
LEU 85	267	1
LEU 85	268	2
LEU 85	269	1
LEU 85	270	1
LEU 85	271	1
LEU 85	272	2
LEU 85	273	1
LEU 85	274	1
LEU 85	275	1
LEU 85	276	0
LEU 85	277	7
LEU 85	278	2
LEU 85	279	0
LEU 85	280	3
LEU 85	281	1
LEU 85	282	3
LEU 85	283	5
LEU 85	284	2
LEU 85	285	1
LEU 85	286	7
LEU 85	287	4
LEU 85	288	2
LEU 85	289	2
LEU 85	290	4
LEU 85	291	1
LEU 85	292	1
LEU 85	293	2
LEU 85	294	1
LEU 85	295	1
LEU 85	296	1
LEU 85	297	1
LEU 85	298	0
LEU 85	299	4
LEU 85	300	1
LEU 85	301	8
LEU 85	302	1
LEU 85	303	1
LEU 85	304	7
LEU 85	305	1
LEU 85	306	1
LEU 85	307	1
LEU 85	308	1
LEU 85	309	2
LEU 85	310	2
LEU 85	311	0
LEU 85	312	1
LEU 85	313	2
LEU 85	314	1
LEU 85	315	1
LEU 85	316	4
LEU 85	317	0
LEU 85	318	1
LEU 85	319	0
LEU 85	320	6
LEU 85	321	2
LEU 85	322	5
LEU 85	323	3
LEU 85	324	7
LEU 85	325	1
LEU 85	326	1
LEU 85	327	1
LEU 85	328	8
LEU 85	329	0
LEU 85	330	1
LEU 85	331	1
LEU 85	332	2
LEU 85	333	1
LEU 85	334	2
LEU 85	335	2
LEU 85	336	1
LEU 85	337	1
LEU 85	338	5
LEU 85	339	1
LEU 85	340	1
LEU 85	341	0
LEU 85	342	2
LEU 85	343	1
LEU 85	344	6
LEU 85	345	3
LEU 85	346	1
LEU 85	347	4
LEU 85	348	4
LEU 85	349	1
LEU 85	350	8
LEU 85	351	0
LEU 85	352	2
LEU 85	353	2
LEU 85	354	1
LEU 85	355	8
LEU 85	356	4
LEU 85	357	4
LEU 85	358	0
LEU 85	359	1
LEU 85	360	4
LEU 85	361	3
LEU 85	362	0
LEU 85	363	1
LEU 85	364	2
LEU 85	365	2
LEU 85	366	2
LEU 85	367	1
LEU 85	368	4
LEU 85	369	1
LEU 85	370	1
LEU 85	371	2
LEU 85	372	4
LEU 85	373	2
LEU 85	374	1
LEU 85	375	3
LEU 85	376	3
LEU 85	377	3
LEU 85	378	1
LEU 85	379	1
LEU 85	380	2
LEU 85	381	1
LEU 85	382	1
LEU 85	383	3
LEU 85	384	1
LEU 85	385	4
LEU 85	386	1
LEU 85	387	3
LEU 85	388	1
LEU 85	389	4
LEU 85	390	1
LEU 85	391	3
LEU 85	392	1
LEU 85	393	2
LEU 85	394	0
LEU 85	395	0
LEU 85	396	1
LEU 85	397	3
LEU 85	398	1
LEU 85	399	1
LEU 85	400	2
LEU 85	401	3
LEU 85	402	1
LEU 85	403	1
LEU 85	404	2
LEU 85	405	2
LEU 85	406	0
LEU 85	407	2
LEU 85	408	1
LEU 85	409	1
LEU 85	410	2
LEU 85	411	2
LEU 85	412	2
LEU 85	413	1
LEU 85	414	2
LEU 85	415	0
LEU 85	416	0
LEU 85	417	1
LEU 85	418	2
LEU 85	419	3
LEU 85	420	1
LEU 85	421	0
LEU 85	422	1
LEU 85	423	1
LEU 85	424	1
LEU 85	425	0
LEU 85	426	0
LEU 85	427	3
LEU 85	428	1
LEU 85	429	2
LEU 85	430	1
LEU 85	431	1
LEU 85	432	1
LEU 85	433	2
LEU 85	434	1
LEU 85	435	3
LEU 85	436	1
LEU 85	437	1
LEU 85	438	2
LEU 85	439	0
LEU 85	440	5
LEU 85	441	0
LEU 85	442	0
LEU 85	443	0
LEU 85	444	1
LEU 85	445	0
LEU 85	446	1
LEU 85	447	1
LEU 85	448	0
LEU 85	449	0
LEU 85	450	1
LEU 85	451	1
LEU 85	452	1
LEU 85	453	1
LEU 85	454	1
LEU 85	455	1
LEU 85	456	3
LEU 85	457	1
LEU 85	458	1
LEU 85	459	0
LEU 85	460	1
LEU 85	461	1
LEU 85	462	1
LEU 85	463	1
LEU 85	464	1
LEU 85	465	3
LEU 85	466	1
LEU 85	467	1
LEU 85	468	1
LEU 85	469	1
LEU 85	470	0
LEU 85	471	1
LEU 85	472	1
LEU 85	473	1
LEU 85	474	0
LEU 85	475	0
LEU 85	476	0
LEU 85	477	1
LEU 85	478	1
LEU 85	479	0
LEU 85	480	1
LEU 85	481	1
LEU 85	482	3
LEU 85	483	3
LEU 85	484	0
LEU 85	485	1
LEU 85	486	1
LEU 85	487	1
LEU 85	488	4
LEU 85	489	1
LEU 85	490	1
LEU 85	491	2
LEU 85	492	1
LEU 85	493	3
LEU 85	494	3
LEU 85	495	1
LEU 85	496	1
LEU 85	497	1
LEU 85	498	2
LEU 85	499	3
LEU 85	500	1
THR 88	0	2
THR 88	1	6
THR 88	2	7
THR 88	3	2
THR 88	4	5
THR 88	5	2
THR 88	6	3
THR 88	7	6
THR 88	8	7
THR 88	9	2
THR 88	10	7
THR 88	11	5
THR 88	12	4
THR 88	13	2
THR 88	14	5
THR 88	15	4
THR 88	16	3
THR 88	17	3
THR 88	18	3
THR 88	19	3
THR 88	20	4
THR 88	21	5
THR 88	22	7
THR 88	23	2
THR 88	24	5
THR 88	25	5
THR 88	26	3
THR 88	27	3
THR 88	28	5
THR 88	29	1
THR 88	30	8
THR 88	31	2
THR 88	32	5
THR 88	33	3
THR 88	34	6
THR 88	35	4
THR 88	36	2
THR 88	37	3
THR 88	38	7
THR 88	39	5
THR 88	40	1
THR 88	41	2
THR 88	42	4
THR 88	43	7
THR 88	44	2
THR 88	45	7
THR 88	46	6
THR 88	47	7
THR 88	48	2
THR 88	49	4
THR 88	50	7
THR 88	51	2
THR 88	52	5
THR 88	53	3
THR 88	54	2
THR 88	55	4
THR 88	56	0
THR 88	57	1
THR 88	58	5
THR 88	59	3
THR 88	60	1
THR 88	61	4
THR 88	62	3
THR 88	63	2
THR 88	64	6
THR 88	65	1
THR 88	66	0
THR 88	67	4
THR 88	68	0
THR 88	69	4
THR 88	70	4
THR 88	71	1
THR 88	72	4
THR 88	73	3
THR 88	74	1
THR 88	75	2
THR 88	76	5
THR 88	77	4
THR 88	78	3
THR 88	79	6
THR 88	80	4
THR 88	81	4
THR 88	82	3
THR 88	83	1
THR 88	84	5
THR 88	85	4
THR 88	86	2
THR 88	87	3
THR 88	88	2
THR 88	89	2
THR 88	90	3
THR 88	91	4
THR 88	92	3
THR 88	93	2
THR 88	94	5
THR 88	95	4
THR 88	96	3
THR 88	97	5
THR 88	98	8
THR 88	99	6
THR 88	100	6
THR 88	101	3
THR 88	102	4
THR 88	103	3
THR 88	104	0
THR 88	105	1
THR 88	106	2
THR 88	107	9
THR 88	108	3
THR 88	109	4
THR 88	110	3
THR 88	111	1
THR 88	112	5
THR 88	113	4
THR 88	114	6
THR 88	115	5
THR 88	116	7
THR 88	117	2
THR 88	118	3
THR 88	119	8
THR 88	120	11
THR 88	121	5
THR 88	122	3
THR 88	123	2
THR 88	124	9
THR 88	125	6
THR 88	126	3
THR 88	127	3
THR 88	128	2
THR 88	129	2
THR 88	130	3
THR 88	131	7
THR 88	132	3
THR 88	133	9
THR 88	134	2
THR 88	135	4
THR 88	136	2
THR 88	137	3
THR 88	138	4
THR 88	139	2
THR 88	140	1
THR 88	141	6
THR 88	142	5
THR 88	143	7
THR 88	144	0
THR 88	145	2
THR 88	146	7
THR 88	147	4
THR 88	148	5
THR 88	149	6
THR 88	150	5
THR 88	151	1
THR 88	152	4
THR 88	153	7
THR 88	154	3
THR 88	155	5
THR 88	156	6
THR 88	157	7
THR 88	158	2
THR 88	159	2
THR 88	160	1
THR 88	161	3
THR 88	162	8
THR 88	163	4
THR 88	164	1
THR 88	165	1
THR 88	166	2
THR 88	167	1
THR 88	168	0
THR 88	169	7
THR 88	170	1
THR 88	171	6
THR 88	172	5
THR 88	173	5
THR 88	174	1
THR 88	175	2
THR 88	176	3
THR 88	177	5
THR 88	178	6
THR 88	179	2
THR 88	180	1
THR 88	181	2
THR 88	182	3
THR 88	183	1
THR 88	184	4
THR 88	185	2
THR 88	186	4
THR 88	187	5
THR 88	188	4
THR 88	189	6
THR 88	190	2
THR 88	191	4
THR 88	192	6
THR 88	193	9
THR 88	194	1
THR 88	195	1
THR 88	196	1
THR 88	197	0
THR 88	198	1
THR 88	199	4
THR 88	200	8
THR 88	201	6
THR 88	202	8
THR 88	203	4
THR 88	204	1
THR 88	205	2
THR 88	206	4
THR 88	207	7
THR 88	208	2
THR 88	209	6
THR 88	210	8
THR 88	211	4
THR 88	212	8
THR 88	213	3
THR 88	214	2
THR 88	215	8
THR 88	216	4
THR 88	217	4
THR 88	218	3
THR 88	219	7
THR 88	220	5
THR 88	221	6
THR 88	222	3
THR 88	223	7
THR 88	224	4
THR 88	225	1
THR 88	226	5
THR 88	227	5
THR 88	228	0
THR 88	229	4
THR 88	230	7
THR 88	231	7
THR 88	232	3
THR 88	233	7
THR 88	234	5
THR 88	235	4
THR 88	236	3
THR 88	237	4
THR 88	238	2
THR 88	239	4
THR 88	240	3
THR 88	241	4
THR 88	242	3
THR 88	243	5
THR 88	244	3
THR 88	245	8
THR 88	246	4
THR 88	247	7
THR 88	248	6
THR 88	249	6
THR 88	250	2
THR 88	251	3
THR 88	252	7
THR 88	253	3
THR 88	254	5
THR 88	255	7
THR 88	256	4
THR 88	257	7
THR 88	258	2
THR 88	259	6
THR 88	260	1
THR 88	261	8
THR 88	262	5
THR 88	263	1
THR 88	264	2
THR 88	265	8
THR 88	266	2
THR 88	267	8
THR 88	268	3
THR 88	269	4
THR 88	270	5
THR 88	271	4
THR 88	272	2
THR 88	273	5
THR 88	274	7
THR 88	275	1
THR 88	276	4
THR 88	277	6
THR 88	278	8
THR 88	279	8
THR 88	280	5
THR 88	281	3
THR 88	282	9
THR 88	283	2
THR 88	284	1
THR 88	285	0
THR 88	286	5
THR 88	287	8
THR 88	288	4
THR 88	289	0
THR 88	290	6
THR 88	291	2
THR 88	292	4
THR 88	293	4
THR 88	294	3
THR 88	295	3
THR 88	296	4
THR 88	297	4
THR 88	298	8
THR 88	299	5
THR 88	300	7
THR 88	301	3
THR 88	302	5
THR 88	303	5
THR 88	304	1
THR 88	305	6
THR 88	306	8
THR 88	307	4
THR 88	308	1
THR 88	309	6
THR 88	310	2
THR 88	311	3
THR 88	312	1
THR 88	313	6
THR 88	314	1
THR 88	315	5
THR 88	316	1
THR 88	317	2
THR 88	318	4
THR 88	319	7
THR 88	320	10
THR 88	321	2
THR 88	322	4
THR 88	323	4
THR 88	324	3
THR 88	325	3
THR 88	326	3
THR 88	327	3
THR 88	328	2
THR 88	329	1
THR 88	330	6
THR 88	331	3
THR 88	332	3
THR 88	333	5
THR 88	334	5
THR 88	335	1
THR 88	336	7
THR 88	337	1
THR 88	338	5
THR 88	339	4
THR 88	340	3
THR 88	341	2
THR 88	342	4
THR 88	343	1
THR 88	344	1
THR 88	345	4
THR 88	346	5
THR 88	347	7
THR 88	348	3
THR 88	349	5
THR 88	350	4
THR 88	351	5
THR 88	352	9
THR 88	353	6
THR 88	354	3
THR 88	355	4
THR 88	356	5
THR 88	357	6
THR 88	358	2
THR 88	359	6
THR 88	360	2
THR 88	361	4
THR 88	362	5
THR 88	363	5
THR 88	364	3
THR 88	365	0
THR 88	366	7
THR 88	367	3
THR 88	368	3
THR 88	369	1
THR 88	370	3
THR 88	371	8
THR 88	372	1
THR 88	373	1
THR 88	374	3
THR 88	375	5
THR 88	376	3
THR 88	377	8
THR 88	378	2
THR 88	379	3
THR 88	380	3
THR 88	381	6
THR 88	382	1
THR 88	383	2
THR 88	384	5
THR 88	385	2
THR 88	386	2
THR 88	387	2
THR 88	388	1
THR 88	389	5
THR 88	390	4
THR 88	391	2
THR 88	392	2
THR 88	393	2
THR 88	394	2
THR 88	395	6
THR 88	396	5
THR 88	397	1
THR 88	398	4
THR 88	399	5
THR 88	400	1
THR 88	401	2
THR 88	402	2
THR 88	403	4
THR 88	404	5
THR 88	405	5
THR 88	406	3
THR 88	407	3
THR 88	408	1
THR 88	409	4
THR 88	410	9
THR 88	411	7
THR 88	412	6
THR 88	413	2
THR 88	414	3
THR 88	415	3
THR 88	416	6
THR 88	417	4
THR 88	418	5
THR 88	419	7
THR 88	420	4
THR 88	421	2
THR 88	422	6
THR 88	423	3
THR 88	424	2
THR 88	425	7
THR 88	426	1
THR 88	427	2
THR 88	428	6
THR 88	429	4
THR 88	430	5
THR 88	431	3
THR 88	432	6
THR 88	433	2
THR 88	434	6
THR 88	435	2
THR 88	436	3
THR 88	437	1
THR 88	438	4
THR 88	439	4
THR 88	440	6
THR 88	441	4
THR 88	442	5
THR 88	443	5
THR 88	444	1
THR 88	445	1
THR 88	446	3
THR 88	447	2
THR 88	448	5
THR 88	449	1
THR 88	450	1
THR 88	451	5
THR 88	452	1
THR 88	453	2
THR 88	454	1
THR 88	455	1
THR 88	456	6
THR 88	457	2
THR 88	458	8
THR 88	459	3
THR 88	460	2
THR 88	461	1
THR 88	462	1
THR 88	463	5
THR 88	464	1
THR 88	465	2
THR 88	466	4
THR 88	467	4
THR 88	468	2
THR 88	469	2
THR 88	470	6
THR 88	471	9
THR 88	472	4
THR 88	473	3
THR 88	474	7
THR 88	475	1
THR 88	476	5
THR 88	477	1
THR 88	478	3
THR 88	479	2
THR 88	480	8
THR 88	481	1
THR 88	482	2
THR 88	483	1
THR 88	484	1
THR 88	485	2
THR 88	486	1
THR 88	487	5
THR 88	488	1
THR 88	489	1
THR 88	490	3
THR 88	491	1
THR 88	492	4
THR 88	493	6
THR 88	494	3
THR 88	495	4
THR 88	496	4
THR 88	497	1
THR 88	498	3
THR 88	499	1
THR 88	500	2
PHE 168	0	3
PHE 168	1	0
PHE 168	2	5
PHE 168	3	3
PHE 168	4	4
PHE 168	5	3
PHE 168	6	1
PHE 168	7	0
PHE 168	8	0
PHE 168	9	3
PHE 168	10	0
PHE 168	11	3
PHE 168	12	4
PHE 168	13	1
PHE 168	14	1
PHE 168	15	3
PHE 168	16	1
PHE 168	17	2
PHE 168	18	5
PHE 168	19	2
PHE 168	20	5
PHE 168	21	0
PHE 168	22	0
PHE 168	23	1
PHE 168	24	0
PHE 168	25	1
PHE 168	26	0
PHE 168	27	3
PHE 168	28	0
PHE 168	29	4
PHE 168	30	0
PHE 168	31	3
PHE 168	32	3
PHE 168	33	2
PHE 168	34	6
PHE 168	35	3
PHE 168	36	6
PHE 168	37	4
PHE 168	38	0
PHE 168	39	1
PHE 168	40	1
PHE 168	41	4
PHE 168	42	1
PHE 168	43	0
PHE 168	44	3
PHE 168	45	3
PHE 168	46	0
PHE 168	47	0
PHE 168	48	2
PHE 168	49	1
PHE 168	50	0
PHE 168	51	5
PHE 168	52	2
PHE 168	53	2
PHE 168	54	3
PHE 168	55	2
PHE 168	56	0
PHE 168	57	1
PHE 168	58	5
PHE 168	59	2
PHE 168	60	0
PHE 168	61	0
PHE 168	62	1
PHE 168	63	1
PHE 168	64	0
PHE 168	65	0
PHE 168	66	2
PHE 168	67	0
PHE 168	68	3
PHE 168	69	0
PHE 168	70	0
PHE 168	71	2
PHE 168	72	2
PHE 168	73	0
PHE 168	74	0
PHE 168	75	0
PHE 168	76	1
PHE 168	77	2
PHE 168	78	2
PHE 168	79	1
PHE 168	80	1
PHE 168	81	0
PHE 168	82	0
PHE 168	83	1
PHE 168	84	0
PHE 168	85	3
PHE 168	86	2
PHE 168	87	0
PHE 168	88	0
PHE 168	89	0
PHE 168	90	0
PHE 168	91	9
PHE 168	92	0
PHE 168	93	0
PHE 168	94	0
PHE 168	95	0
PHE 168	96	0
PHE 168	97	2
PHE 168	98	0
PHE 168	99	2
PHE 168	100	4
PHE 168	101	0
PHE 168	102	6
PHE 168	103	3
PHE 168	104	4
PHE 168	105	1
PHE 168	106	3
PHE 168	107	1
PHE 168	108	0
PHE 168	109	1
PHE 168	110	0
PHE 168	111	1
PHE 168	112	2
PHE 168	113	1
PHE 168	114	0
PHE 168	115	0
PHE 168	116	0
PHE 168	117	1
PHE 168	118	0
PHE 168	119	1
PHE 168	120	4
PHE 168	121	0
PHE 168	122	2
PHE 168	123	0
PHE 168	124	0
PHE 168	125	0
PHE 168	126	0
PHE 168	127	0
PHE 168	128	0
PHE 168	129	1
PHE 168	130	0
PHE 168	131	1
PHE 168	132	0
PHE 168	133	2
PHE 168	134	5
PHE 168	135	2
PHE 168	136	1
PHE 168	137	4
PHE 168	138	0
PHE 168	139	2
PHE 168	140	1
PHE 168	141	0
PHE 168	142	0
PHE 168	143	3
PHE 168	144	2
PHE 168	145	0
PHE 168	146	5
PHE 168	147	1
PHE 168	148	0
PHE 168	149	3
PHE 168	150	1
PHE 168	151	2
PHE 168	152	6
PHE 168	153	0
PHE 168	154	1
PHE 168	155	0
PHE 168	156	2
PHE 168	157	1
PHE 168	158	2
PHE 168	159	1
PHE 168	160	1
PHE 168	161	1
PHE 168	162	0
PHE 168	163	2
PHE 168	164	2
PHE 168	165	0
PHE 168	166	2
PHE 168	167	0
PHE 168	168	4
PHE 168	169	0
PHE 168	170	1
PHE 168	171	1
PHE 168	172	0
PHE 168	173	0
PHE 168	174	0
PHE 168	175	0
PHE 168	176	1
PHE 168	177	0
PHE 168	178	2
PHE 168	179	1
PHE 168	180	0
PHE 168	181	2
PHE 168	182	1
PHE 168	183	0
PHE 168	184	2
PHE 168	185	2
PHE 168	186	0
PHE 168	187	1
PHE 168	188	1
PHE 168	189	0
PHE 168	190	0
PHE 168	191	1
PHE 168	192	1
PHE 168	193	1
PHE 168	194	0
PHE 168	195	1
PHE 168	196	3
PHE 168	197	2
PHE 168	198	0
PHE 168	199	5
PHE 168	200	1
PHE 168	201	0
PHE 168	202	2
PHE 168	203	2
PHE 168	204	1
PHE 168	205	0
PHE 168	206	0
PHE 168	207	0
PHE 168	208	2
PHE 168	209	4
PHE 168	210	3
PHE 168	211	0
PHE 168	212	2
PHE 168	213	4
PHE 168	214	2
PHE 168	215	1
PHE 168	216	1
PHE 168	217	3
PHE 168	218	0
PHE 168	219	1
PHE 168	220	1
PHE 168	221	1
PHE 168	222	2
PHE 168	223	2
PHE 168	224	2
PHE 168	225	2
PHE 168	226	0
PHE 168	227	1
PHE 168	228	0
PHE 168	229	0
PHE 168	230	1
PHE 168	231	0
PHE 168	232	1
PHE 168	233	0
PHE 168	234	4
PHE 168	235	0
PHE 168	236	2
PHE 168	237	2
PHE 168	238	2
PHE 168	239	0
PHE 168	240	0
PHE 168	241	1
PHE 168	242	1
PHE 168	243	3
PHE 168	244	3
PHE 168	245	0
PHE 168	246	5
PHE 168	247	0
PHE 168	248	1
PHE 168	249	3
PHE 168	250	1
PHE 168	251	3
PHE 168	252	1
PHE 168	253	2
PHE 168	254	1
PHE 168	255	0
PHE 168	256	4
PHE 168	257	3
PHE 168	258	0
PHE 168	259	1
PHE 168	260	2
PHE 168	261	0
PHE 168	262	1
PHE 168	263	3
PHE 168	264	1
PHE 168	265	2
PHE 168	266	4
PHE 168	267	1
PHE 168	268	2
PHE 168	269	4
PHE 168	270	1
PHE 168	271	0
PHE 168	272	3
PHE 168	273	0
PHE 168	274	0
PHE 168	275	4
PHE 168	276	2
PHE 168	277	0
PHE 168	278	3
PHE 168	279	4
PHE 168	280	2
PHE 168	281	2
PHE 168	282	0
PHE 168	283	2
PHE 168	284	0
PHE 168	285	3
PHE 168	286	0
PHE 168	287	4
PHE 168	288	1
PHE 168	289	2
PHE 168	290	4
PHE 168	291	1
PHE 168	292	3
PHE 168	293	2
PHE 168	294	0
PHE 168	295	0
PHE 168	296	3
PHE 168	297	5
PHE 168	298	1
PHE 168	299	2
PHE 168	300	2
PHE 168	301	6
PHE 168	302	3
PHE 168	303	3
PHE 168	304	1
PHE 168	305	4
PHE 168	306	4
PHE 168	307	0
PHE 168	308	2
PHE 168	309	0
PHE 168	310	1
PHE 168	311	4
PHE 168	312	0
PHE 168	313	3
PHE 168	314	1
PHE 168	315	0
PHE 168	316	2
PHE 168	317	3
PHE 168	318	0
PHE 168	319	2
PHE 168	320	1
PHE 168	321	2
PHE 168	322	3
PHE 168	323	2
PHE 168	324	1
PHE 168	325	2
PHE 168	326	0
PHE 168	327	5
PHE 168	328	2
PHE 168	329	4
PHE 168	330	0
PHE 168	331	0
PHE 168	332	3
PHE 168	333	3
PHE 168	334	2
PHE 168	335	1
PHE 168	336	1
PHE 168	337	0
PHE 168	338	6
PHE 168	339	4
PHE 168	340	1
PHE 168	341	2
PHE 168	342	4
PHE 168	343	5
PHE 168	344	1
PHE 168	345	0
PHE 168	346	2
PHE 168	347	7
PHE 168	348	3
PHE 168	349	3
PHE 168	350	2
PHE 168	351	5
PHE 168	352	3
PHE 168	353	1
PHE 168	354	5
PHE 168	355	3
PHE 168	356	0
PHE 168	357	2
PHE 168	358	4
PHE 168	359	1
PHE 168	360	1
PHE 168	361	1
PHE 168	362	1
PHE 168	363	0
PHE 168	364	2
PHE 168	365	2
PHE 168	366	3
PHE 168	367	0
PHE 168	368	4
PHE 168	369	6
PHE 168	370	3
PHE 168	371	2
PHE 168	372	3
PHE 168	373	6
PHE 168	374	4
PHE 168	375	0
PHE 168	376	0
PHE 168	377	1
PHE 168	378	3
PHE 168	379	4
PHE 168	380	5
PHE 168	381	3
PHE 168	382	4
PHE 168	383	2
PHE 168	384	0
PHE 168	385	1
PHE 168	386	1
PHE 168	387	0
PHE 168	388	0
PHE 168	389	0
PHE 168	390	4
PHE 168	391	0
PHE 168	392	0
PHE 168	393	1
PHE 168	394	2
PHE 168	395	1
PHE 168	396	0
PHE 168	397	2
PHE 168	398	0
PHE 168	399	3
PHE 168	400	0
PHE 168	401	3
PHE 168	402	2
PHE 168	403	0
PHE 168	404	0
PHE 168	405	0
PHE 168	406	2
PHE 168	407	3
PHE 168	408	0
PHE 168	409	0
PHE 168	410	0
PHE 168	411	0
PHE 168	412	3
PHE 168	413	4
PHE 168	414	1
PHE 168	415	1
PHE 168	416	0
PHE 168	417	2
PHE 168	418	3
PHE 168	419	1
PHE 168	420	0
PHE 168	421	0
PHE 168	422	1
PHE 168	423	0
PHE 168	424	2
PHE 168	425	0
PHE 168	426	2
PHE 168	427	0
PHE 168	428	2
PHE 168	429	3
PHE 168	430	1
PHE 168	431	3
PHE 168	432	2
PHE 168	433	0
PHE 168	434	0
PHE 168	435	0
PHE 168	436	0
PHE 168	437	0
PHE 168	438	0
PHE 168	439	2
PHE 168	440	5
PHE 168	441	4
PHE 168	442	1
PHE 168	443	0
PHE 168	444	1
PHE 168	445	1
PHE 168	446	5
PHE 168	447	1
PHE 168	448	1
PHE 168	449	3
PHE 168	450	4
PHE 168	451	0
PHE 168	452	1
PHE 168	453	3
PHE 168	454	4
PHE 168	455	1
PHE 168	456	4
PHE 168	457	3
PHE 168	458	2
PHE 168	459	2
PHE 168	460	0
PHE 168	461	3
PHE 168	462	0
PHE 168	463	1
PHE 168	464	4
PHE 168	465	2
PHE 168	466	3
PHE 168	467	3
PHE 168	468	4
PHE 168	469	5
PHE 168	470	4
PHE 168	471	4
PHE 168	472	0
PHE 168	473	3
PHE 168	474	0
PHE 168	475	3
PHE 168	476	0
PHE 168	477	3
PHE 168	478	2
PHE 168	479	4
PHE 168	480	0
PHE 168	481	2
PHE 168	482	4
PHE 168	483	1
PHE 168	484	2
PHE 168	485	2
PHE 168	486	1
PHE 168	487	2
PHE 168	488	0
PHE 168	489	2
PHE 168	490	0
PHE 168	491	4
PHE 168	492	6
PHE 168	493	0
PHE 168	494	0
PHE 168	495	0
PHE 168	496	1
PHE 168	497	4
PHE 168	498	4
PHE 168	499	0
PHE 168	500	2
GLU 169	0	4
GLU 169	1	4
GLU 169	2	5
GLU 169	3	4
GLU 169	4	5
GLU 169	5	2
GLU 169	6	1
GLU 169	7	4
GLU 169	8	1
GLU 169	9	5
GLU 169	10	2
GLU 169	11	4
GLU 169	12	1
GLU 169	13	2
GLU 169	14	1
GLU 169	15	6
GLU 169	16	4
GLU 169	17	8
GLU 169	18	4
GLU 169	19	4
GLU 169	20	7
GLU 169	21	6
GLU 169	22	7
GLU 169	23	7
GLU 169	24	1
GLU 169	25	6
GLU 169	26	4
GLU 169	27	2
GLU 169	28	4
GLU 169	29	6
GLU 169	30	2
GLU 169	31	6
GLU 169	32	3
GLU 169	33	4
GLU 169	34	0
GLU 169	35	6
GLU 169	36	3
GLU 169	37	9
GLU 169	38	4
GLU 169	39	2
GLU 169	40	5
GLU 169	41	2
GLU 169	42	0
GLU 169	43	0
GLU 169	44	0
GLU 169	45	0
GLU 169	46	0
GLU 169	47	0
GLU 169	48	0
GLU 169	49	0
GLU 169	50	0
GLU 169	51	0
GLU 169	52	0
GLU 169	53	0
GLU 169	54	0
GLU 169	55	0
GLU 169	56	0
GLU 169	57	0
GLU 169	58	0
GLU 169	59	0
GLU 169	60	0
GLU 169	61	0
GLU 169	62	0
GLU 169	63	0
GLU 169	64	0
GLU 169	65	0
GLU 169	66	0
GLU 169	67	3
GLU 169	68	2
GLU 169	69	1
GLU 169	70	6
GLU 169	71	8
GLU 169	72	3
GLU 169	73	3
GLU 169	74	0
GLU 169	75	0
GLU 169	76	5
GLU 169	77	3
GLU 169	78	0
GLU 169	79	2
GLU 169	80	2
GLU 169	81	6
GLU 169	82	0
GLU 169	83	0
GLU 169	84	0
GLU 169	85	1
GLU 169	86	1
GLU 169	87	5
GLU 169	88	0
GLU 169	89	0
GLU 169	90	0
GLU 169	91	5
GLU 169	92	0
GLU 169	93	0
GLU 169	94	0
GLU 169	95	1
GLU 169	96	3
GLU 169	97	0
GLU 169	98	1
GLU 169	99	7
GLU 169	100	0
GLU 169	101	5
GLU 169	102	5
GLU 169	103	8
GLU 169	104	6
GLU 169	105	6
GLU 169	106	5
GLU 169	107	7
GLU 169	108	6
GLU 169	109	5
GLU 169	110	6
GLU 169	111	4
GLU 169	112	3
GLU 169	113	6
GLU 169	114	6
GLU 169	115	4
GLU 169	116	2
GLU 169	117	0
GLU 169	118	0
GLU 169	119	0
GLU 169	120	0
GLU 169	121	1
GLU 169	122	4
GLU 169	123	6
GLU 169	124	0
GLU 169	125	0
GLU 169	126	2
GLU 169	127	7
GLU 169	128	6
GLU 169	129	0
GLU 169	130	0
GLU 169	131	1
GLU 169	132	0
GLU 169	133	0
GLU 169	134	0
GLU 169	135	4
GLU 169	136	0
GLU 169	137	6
GLU 169	138	6
GLU 169	139	6
GLU 169	140	1
GLU 169	141	7
GLU 169	142	3
GLU 169	143	6
GLU 169	144	7
GLU 169	145	7
GLU 169	146	7
GLU 169	147	6
GLU 169	148	6
GLU 169	149	2
GLU 169	150	2
GLU 169	151	3
GLU 169	152	6
GLU 169	153	0
GLU 169	154	0
GLU 169	155	0
GLU 169	156	0
GLU 169	157	0
GLU 169	158	0
GLU 169	159	4
GLU 169	160	0
GLU 169	161	6
GLU 169	162	7
GLU 169	163	6
GLU 169	164	6
GLU 169	165	2
GLU 169	166	5
GLU 169	167	4
GLU 169	168	2
GLU 169	169	2
GLU 169	170	5
GLU 169	171	0
GLU 169	172	0
GLU 169	173	0
GLU 169	174	0
GLU 169	175	1
GLU 169	176	5
GLU 169	177	1
GLU 169	178	0
GLU 169	179	0
GLU 169	180	0
GLU 169	181	0
GLU 169	182	0
GLU 169	183	0
GLU 169	184	0
GLU 169	185	0
GLU 169	186	0
GLU 169	187	0
GLU 169	188	0
GLU 169	189	0
GLU 169	190	0
GLU 169	191	0
GLU 169	192	0
GLU 169	193	3
GLU 169	194	0
GLU 169	195	1
GLU 169	196	6
GLU 169	197	5
GLU 169	198	0
GLU 169	199	8
GLU 169	200	5
GLU 169	201	2
GLU 169	202	0
GLU 169	203	0
GLU 169	204	0
GLU 169	205	0
GLU 169	206	0
GLU 169	207	0
GLU 169	208	0
GLU 169	209	0
GLU 169	210	0
GLU 169	211	0
GLU 169	212	0
GLU 169	213	0
GLU 169	214	0
GLU 169	215	0
GLU 169	216	0
GLU 169	217	0
GLU 169	218	0
GLU 169	219	0
GLU 169	220	0
GLU 169	221	2
GLU 169	222	3
GLU 169	223	5
GLU 169	224	6
GLU 169	225	4
GLU 169	226	4
GLU 169	227	3
GLU 169	228	4
GLU 169	229	4
GLU 169	230	4
GLU 169	231	5
GLU 169	232	0
GLU 169	233	3
GLU 169	234	7
GLU 169	235	6
GLU 169	236	4
GLU 169	237	4
GLU 169	238	4
GLU 169	239	3
GLU 169	240	4
GLU 169	241	5
GLU 169	242	3
GLU 169	243	5
GLU 169	244	5
GLU 169	245	6
GLU 169	246	6
GLU 169	247	6
GLU 169	248	5
GLU 169	249	6
GLU 169	250	5
GLU 169	251	3
GLU 169	252	4
GLU 169	253	6
GLU 169	254	4
GLU 169	255	6
GLU 169	256	2
GLU 169	257	4
GLU 169	258	0
GLU 169	259	6
GLU 169	260	4
GLU 169	261	3
GLU 169	262	0
GLU 169	263	0
GLU 169	264	1
GLU 169	265	6
GLU 169	266	5
GLU 169	267	6
GLU 169	268	6
GLU 169	269	6
GLU 169	270	3
GLU 169	271	3
GLU 169	272	3
GLU 169	273	4
GLU 169	274	0
GLU 169	275	6
GLU 169	276	0
GLU 169	277	4
GLU 169	278	7
GLU 169	279	6
GLU 169	280	5
GLU 169	281	4
GLU 169	282	4
GLU 169	283	7
GLU 169	284	2
GLU 169	285	4
GLU 169	286	0
GLU 169	287	7
GLU 169	288	3
GLU 169	289	3
GLU 169	290	3
GLU 169	291	4
GLU 169	292	4
GLU 169	293	4
GLU 169	294	4
GLU 169	295	1
GLU 169	296	1
GLU 169	297	7
GLU 169	298	3
GLU 169	299	7
GLU 169	300	6
GLU 169	301	9
GLU 169	302	7
GLU 169	303	3
GLU 169	304	3
GLU 169	305	8
GLU 169	306	7
GLU 169	307	6
GLU 169	308	8
GLU 169	309	5
GLU 169	310	6
GLU 169	311	7
GLU 169	312	0
GLU 169	313	5
GLU 169	314	5
GLU 169	315	4
GLU 169	316	8
GLU 169	317	4
GLU 169	318	2
GLU 169	319	3
GLU 169	320	6
GLU 169	321	4
GLU 169	322	6
GLU 169	323	4
GLU 169	324	6
GLU 169	325	1
GLU 169	326	8
GLU 169	327	6
GLU 169	328	2
GLU 169	329	7
GLU 169	330	5
GLU 169	331	3
GLU 169	332	3
GLU 169	333	3
GLU 169	334	6
GLU 169	335	7
GLU 169	336	7
GLU 169	337	3
GLU 169	338	6
GLU 169	339	3
GLU 169	340	5
GLU 169	341	5
GLU 169	342	7
GLU 169	343	4
GLU 169	344	4
GLU 169	345	4
GLU 169	346	6
GLU 169	347	7
GLU 169	348	6
GLU 169	349	4
GLU 169	350	4
GLU 169	351	3
GLU 169	352	3
GLU 169	353	5
GLU 169	354	7
GLU 169	355	7
GLU 169	356	6
GLU 169	357	6
GLU 169	358	7
GLU 169	359	0
GLU 169	360	0
GLU 169	361	0
GLU 169	362	0
GLU 169	363	0
GLU 169	364	0
GLU 169	365	0
GLU 169	366	0
GLU 169	367	0
GLU 169	368	0
GLU 169	369	0
GLU 169	370	0
GLU 169	371	0
GLU 169	372	0
GLU 169	373	0
GLU 169	374	0
GLU 169	375	0
GLU 169	376	0
GLU 169	377	1
GLU 169	378	3
GLU 169	379	6
GLU 169	380	5
GLU 169	381	9
GLU 169	382	4
GLU 169	383	1
GLU 169	384	5
GLU 169	385	6
GLU 169	386	0
GLU 169	387	4
GLU 169	388	0
GLU 169	389	0
GLU 169	390	1
GLU 169	391	4
GLU 169	392	0
GLU 169	393	0
GLU 169	394	0
GLU 169	395	0
GLU 169	396	1
GLU 169	397	6
GLU 169	398	2
GLU 169	399	2
GLU 169	400	0
GLU 169	401	2
GLU 169	402	2
GLU 169	403	6
GLU 169	404	3
GLU 169	405	3
GLU 169	406	8
GLU 169	407	6
GLU 169	408	0
GLU 169	409	3
GLU 169	410	5
GLU 169	411	0
GLU 169	412	4
GLU 169	413	0
GLU 169	414	0
GLU 169	415	1
GLU 169	416	0
GLU 169	417	0
GLU 169	418	0
GLU 169	419	4
GLU 169	420	3
GLU 169	421	0
GLU 169	422	0
GLU 169	423	2
GLU 169	424	3
GLU 169	425	3
GLU 169	426	5
GLU 169	427	0
GLU 169	428	1
GLU 169	429	4
GLU 169	430	3
GLU 169	431	0
GLU 169	432	0
GLU 169	433	5
GLU 169	434	1
GLU 169	435	9
GLU 169	436	3
GLU 169	437	5
GLU 169	438	2
GLU 169	439	8
GLU 169	440	2
GLU 169	441	3
GLU 169	442	2
GLU 169	443	7
GLU 169	444	6
GLU 169	445	1
GLU 169	446	7
GLU 169	447	4
GLU 169	448	0
GLU 169	449	6
GLU 169	450	4
GLU 169	451	6
GLU 169	452	5
GLU 169	453	4
GLU 169	454	1
GLU 169	455	2
GLU 169	456	4
GLU 169	457	0
GLU 169	458	0
GLU 169	459	6
GLU 169	460	0
GLU 169	461	2
GLU 169	462	5
GLU 169	463	1
GLU 169	464	7
GLU 169	465	7
GLU 169	466	8
GLU 169	467	5
GLU 169	468	3
GLU 169	469	7
GLU 169	470	6
GLU 169	471	4
GLU 169	472	5
GLU 169	473	0
GLU 169	474	5
GLU 169	475	1
GLU 169	476	0
GLU 169	477	0
GLU 169	478	0
GLU 169	479	0
GLU 169	480	0
GLU 169	481	0
GLU 169	482	0
GLU 169	483	0
GLU 169	484	0
GLU 169	485	0
GLU 169	486	8
GLU 169	487	1
GLU 169	488	0
GLU 169	489	7
GLU 169	490	0
GLU 169	491	0
GLU 169	492	2
GLU 169	493	0
GLU 169	494	0
GLU 169	495	1
GLU 169	496	0
GLU 169	497	3
GLU 169	498	4
GLU 169	499	0
GLU 169	500	4
TRP 246	0	3
TRP 246	1	3
TRP 246	2	2
TRP 246	3	3
TRP 246	4	2
TRP 246	5	3
TRP 246	6	5
TRP 246	7	6
TRP 246	8	6
TRP 246	9	1
TRP 246	10	7
TRP 246	11	3
TRP 246	12	3
TRP 246	13	1
TRP 246	14	2
TRP 246	15	3
TRP 246	16	1
TRP 246	17	5
TRP 246	18	2
TRP 246	19	1
TRP 246	20	1
TRP 246	21	2
TRP 246	22	4
TRP 246	23	1
TRP 246	24	2
TRP 246	25	3
TRP 246	26	9
TRP 246	27	6
TRP 246	28	4
TRP 246	29	5
TRP 246	30	3
TRP 246	31	9
TRP 246	32	4
TRP 246	33	8
TRP 246	34	3
TRP 246	35	4
TRP 246	36	4
TRP 246	37	3
TRP 246	38	2
TRP 246	39	1
TRP 246	40	3
TRP 246	41	3
TRP 246	42	5
TRP 246	43	5
TRP 246	44	7
TRP 246	45	7
TRP 246	46	4
TRP 246	47	7
TRP 246	48	5
TRP 246	49	5
TRP 246	50	5
TRP 246	51	2
TRP 246	52	6
TRP 246	53	7
TRP 246	54	3
TRP 246	55	3
TRP 246	56	7
TRP 246	57	6
TRP 246	58	5
TRP 246	59	4
TRP 246	60	1
TRP 246	61	1
TRP 246	62	4
TRP 246	63	4
TRP 246	64	2
TRP 246	65	2
TRP 246	66	2
TRP 246	67	4
TRP 246	68	1
TRP 246	69	4
TRP 246	70	5
TRP 246	71	7
TRP 246	72	3
TRP 246	73	6
TRP 246	74	2
TRP 246	75	8
TRP 246	76	1
TRP 246	77	9
TRP 246	78	5
TRP 246	79	1
TRP 246	80	3
TRP 246	81	4
TRP 246	82	3
TRP 246	83	3
TRP 246	84	5
TRP 246	85	7
TRP 246	86	5
TRP 246	87	4
TRP 246	88	0
TRP 246	89	3
TRP 246	90	6
TRP 246	91	1
TRP 246	92	10
TRP 246	93	6
TRP 246	94	3
TRP 246	95	2
TRP 246	96	3
TRP 246	97	2
TRP 246	98	1
TRP 246	99	6
TRP 246	100	2
TRP 246	101	3
TRP 246	102	5
TRP 246	103	5
TRP 246	104	1
TRP 246	105	5
TRP 246	106	7
TRP 246	107	4
TRP 246	108	9
TRP 246	109	6
TRP 246	110	6
TRP 246	111	9
TRP 246	112	1
TRP 246	113	4
TRP 246	114	2
TRP 246	115	3
TRP 246	116	5
TRP 246	117	4
TRP 246	118	1
TRP 246	119	5
TRP 246	120	3
TRP 246	121	5
TRP 246	122	3
TRP 246	123	0
TRP 246	124	4
TRP 246	125	2
TRP 246	126	4
TRP 246	127	2
TRP 246	128	5
TRP 246	129	2
TRP 246	130	5
TRP 246	131	6
TRP 246	132	2
TRP 246	133	3
TRP 246	134	6
TRP 246	135	1
TRP 246	136	2
TRP 246	137	6
TRP 246	138	6
TRP 246	139	4
TRP 246	140	9
TRP 246	141	8
TRP 246	142	8
TRP 246	143	7
TRP 246	144	1
TRP 246	145	4
TRP 246	146	1
TRP 246	147	8
TRP 246	148	3
TRP 246	149	3
TRP 246	150	4
TRP 246	151	8
TRP 246	152	1
TRP 246	153	1
TRP 246	154	2
TRP 246	155	3
TRP 246	156	6
TRP 246	157	3
TRP 246	158	2
TRP 246	159	4
TRP 246	160	6
TRP 246	161	2
TRP 246	162	2
TRP 246	163	8
TRP 246	164	2
TRP 246	165	3
TRP 246	166	6
TRP 246	167	2
TRP 246	168	1
TRP 246	169	1
TRP 246	170	1
TRP 246	171	7
TRP 246	172	4
TRP 246	173	5
TRP 246	174	5
TRP 246	175	7
TRP 246	176	1
TRP 246	177	4
TRP 246	178	1
TRP 246	179	2
TRP 246	180	1
TRP 246	181	4
TRP 246	182	7
TRP 246	183	2
TRP 246	184	1
TRP 246	185	3
TRP 246	186	1
TRP 246	187	5
TRP 246	188	4
TRP 246	189	4
TRP 246	190	2
TRP 246	191	8
TRP 246	192	2
TRP 246	193	4
TRP 246	194	5
TRP 246	195	2
TRP 246	196	7
TRP 246	197	1
TRP 246	198	3
TRP 246	199	5
TRP 246	200	4
TRP 246	201	1
TRP 246	202	2
TRP 246	203	7
TRP 246	204	2
TRP 246	205	4
TRP 246	206	3
TRP 246	207	5
TRP 246	208	7
TRP 246	209	5
TRP 246	210	4
TRP 246	211	5
TRP 246	212	1
TRP 246	213	5
TRP 246	214	3
TRP 246	215	5
TRP 246	216	3
TRP 246	217	4
TRP 246	218	1
TRP 246	219	3
TRP 246	220	4
TRP 246	221	4
TRP 246	222	5
TRP 246	223	4
TRP 246	224	3
TRP 246	225	1
TRP 246	226	2
TRP 246	227	1
TRP 246	228	1
TRP 246	229	3
TRP 246	230	7
TRP 246	231	2
TRP 246	232	2
TRP 246	233	4
TRP 246	234	6
TRP 246	235	2
TRP 246	236	2
TRP 246	237	6
TRP 246	238	2
TRP 246	239	8
TRP 246	240	6
TRP 246	241	3
TRP 246	242	4
TRP 246	243	1
TRP 246	244	5
TRP 246	245	3
TRP 246	246	2
TRP 246	247	4
TRP 246	248	12
TRP 246	249	2
TRP 246	250	4
TRP 246	251	3
TRP 246	252	1
TRP 246	253	2
TRP 246	254	1
TRP 246	255	4
TRP 246	256	1
TRP 246	257	1
TRP 246	258	7
TRP 246	259	4
TRP 246	260	5
TRP 246	261	2
TRP 246	262	5
TRP 246	263	2
TRP 246	264	4
TRP 246	265	5
TRP 246	266	5
TRP 246	267	4
TRP 246	268	1
TRP 246	269	2
TRP 246	270	2
TRP 246	271	2
TRP 246	272	2
TRP 246	273	9
TRP 246	274	2
TRP 246	275	1
TRP 246	276	5
TRP 246	277	1
TRP 246	278	3
TRP 246	279	2
TRP 246	280	0
TRP 246	281	4
TRP 246	282	2
TRP 246	283	8
TRP 246	284	1
TRP 246	285	1
TRP 246	286	5
TRP 246	287	3
TRP 246	288	2
TRP 246	289	0
TRP 246	290	2
TRP 246	291	4
TRP 246	292	3
TRP 246	293	3
TRP 246	294	1
TRP 246	295	1
TRP 246	296	5
TRP 246	297	1
TRP 246	298	2
TRP 246	299	2
TRP 246	300	3
TRP 246	301	2
TRP 246	302	8
TRP 246	303	4
TRP 246	304	8
TRP 246	305	2
TRP 246	306	3
TRP 246	307	5
TRP 246	308	1
TRP 246	309	1
TRP 246	310	7
TRP 246	311	1
TRP 246	312	1
TRP 246	313	2
TRP 246	314	3
TRP 246	315	3
TRP 246	316	3
TRP 246	317	2
TRP 246	318	1
TRP 246	319	2
TRP 246	320	4
TRP 246	321	2
TRP 246	322	4
TRP 246	323	3
TRP 246	324	8
TRP 246	325	4
TRP 246	326	1
TRP 246	327	1
TRP 246	328	5
TRP 246	329	5
TRP 246	330	4
TRP 246	331	3
TRP 246	332	4
TRP 246	333	4
TRP 246	334	4
TRP 246	335	3
TRP 246	336	3
TRP 246	337	2
TRP 246	338	7
TRP 246	339	3
TRP 246	340	2
TRP 246	341	2
TRP 246	342	5
TRP 246	343	4
TRP 246	344	2
TRP 246	345	9
TRP 246	346	4
TRP 246	347	2
TRP 246	348	2
TRP 246	349	6
TRP 246	350	3
TRP 246	351	7
TRP 246	352	10
TRP 246	353	4
TRP 246	354	7
TRP 246	355	11
TRP 246	356	5
TRP 246	357	3
TRP 246	358	3
TRP 246	359	9
TRP 246	360	4
TRP 246	361	3
TRP 246	362	5
TRP 246	363	2
TRP 246	364	6
TRP 246	365	11
TRP 246	366	8
TRP 246	367	4
TRP 246	368	10
TRP 246	369	7
TRP 246	370	8
TRP 246	371	6
TRP 246	372	2
TRP 246	373	3
TRP 246	374	3
TRP 246	375	3
TRP 246	376	8
TRP 246	377	8
TRP 246	378	4
TRP 246	379	7
TRP 246	380	3
TRP 246	381	5
TRP 246	382	5
TRP 246	383	2
TRP 246	384	5
TRP 246	385	2
TRP 246	386	6
TRP 246	387	7
TRP 246	388	3
TRP 246	389	8
TRP 246	390	2
TRP 246	391	3
TRP 246	392	11
TRP 246	393	7
TRP 246	394	2
TRP 246	395	8
TRP 246	396	6
TRP 246	397	4
TRP 246	398	11
TRP 246	399	4
TRP 246	400	4
TRP 246	401	7
TRP 246	402	2
TRP 246	403	8
TRP 246	404	9
TRP 246	405	7
TRP 246	406	3
TRP 246	407	10
TRP 246	408	7
TRP 246	409	2
TRP 246	410	10
TRP 246	411	4
TRP 246	412	2
TRP 246	413	2
TRP 246	414	4
TRP 246	415	3
TRP 246	416	2
TRP 246	417	2
TRP 246	418	5
TRP 246	419	4
TRP 246	420	4
TRP 246	421	2
TRP 246	422	9
TRP 246	423	6
TRP 246	424	4
TRP 246	425	7
TRP 246	426	4
TRP 246	427	4
TRP 246	428	9
TRP 246	429	2
TRP 246	430	4
TRP 246	431	3
TRP 246	432	3
TRP 246	433	2
TRP 246	434	3
TRP 246	435	10
TRP 246	436	2
TRP 246	437	2
TRP 246	438	1
TRP 246	439	3
TRP 246	440	1
TRP 246	441	1
TRP 246	442	4
TRP 246	443	3
TRP 246	444	3
TRP 246	445	4
TRP 246	446	3
TRP 246	447	5
TRP 246	448	2
TRP 246	449	1
TRP 246	450	1
TRP 246	451	8
TRP 246	452	6
TRP 246	453	10
TRP 246	454	2
TRP 246	455	2
TRP 246	456	5
TRP 246	457	1
TRP 246	458	7
TRP 246	459	1
TRP 246	460	4
TRP 246	461	3
TRP 246	462	4
TRP 246	463	5
TRP 246	464	1
TRP 246	465	4
TRP 246	466	4
TRP 246	467	13
TRP 246	468	4
TRP 246	469	3
TRP 246	470	2
TRP 246	471	1
TRP 246	472	5
TRP 246	473	2
TRP 246	474	2
TRP 246	475	2
TRP 246	476	2
TRP 246	477	0
TRP 246	478	1
TRP 246	479	1
TRP 246	480	3
TRP 246	481	6
TRP 246	482	5
TRP 246	483	3
TRP 246	484	3
TRP 246	485	6
TRP 246	486	3
TRP 246	487	6
TRP 246	488	3
TRP 246	489	2
TRP 246	490	7
TRP 246	491	1
TRP 246	492	7
TRP 246	493	3
TRP 246	494	6
TRP 246	495	3
TRP 246	496	4
TRP 246	497	4
TRP 246	498	6
TRP 246	499	2
TRP 246	500	5
LEU 249	0	10
LEU 249	1	7
LEU 249	2	4
LEU 249	3	12
LEU 249	4	6
LEU 249	5	5
LEU 249	6	8
LEU 249	7	3
LEU 249	8	11
LEU 249	9	7
LEU 249	10	8
LEU 249	11	6
LEU 249	12	5
LEU 249	13	10
LEU 249	14	3
LEU 249	15	6
LEU 249	16	6
LEU 249	17	5
LEU 249	18	3
LEU 249	19	5
LEU 249	20	9
LEU 249	21	6
LEU 249	22	7
LEU 249	23	12
LEU 249	24	10
LEU 249	25	9
LEU 249	26	3
LEU 249	27	6
LEU 249	28	6
LEU 249	29	9
LEU 249	30	2
LEU 249	31	2
LEU 249	32	8
LEU 249	33	4
LEU 249	34	6
LEU 249	35	3
LEU 249	36	9
LEU 249	37	5
LEU 249	38	4
LEU 249	39	5
LEU 249	40	5
LEU 249	41	2
LEU 249	42	8
LEU 249	43	10
LEU 249	44	7
LEU 249	45	3
LEU 249	46	6
LEU 249	47	9
LEU 249	48	8
LEU 249	49	4
LEU 249	50	8
LEU 249	51	8
LEU 249	52	4
LEU 249	53	8
LEU 249	54	1
LEU 249	55	6
LEU 249	56	5
LEU 249	57	6
LEU 249	58	2
LEU 249	59	7
LEU 249	60	3
LEU 249	61	3
LEU 249	62	5
LEU 249	63	5
LEU 249	64	3
LEU 249	65	8
LEU 249	66	1
LEU 249	67	9
LEU 249	68	12
LEU 249	69	7
LEU 249	70	7
LEU 249	71	9
LEU 249	72	5
LEU 249	73	3
LEU 249	74	10
LEU 249	75	7
LEU 249	76	5
LEU 249	77	5
LEU 249	78	8
LEU 249	79	6
LEU 249	80	6
LEU 249	81	7
LEU 249	82	9
LEU 249	83	8
LEU 249	84	6
LEU 249	85	6
LEU 249	86	6
LEU 249	87	4
LEU 249	88	2
LEU 249	89	10
LEU 249	90	6
LEU 249	91	4
LEU 249	92	7
LEU 249	93	4
LEU 249	94	3
LEU 249	95	11
LEU 249	96	8
LEU 249	97	6
LEU 249	98	5
LEU 249	99	7
LEU 249	100	4
LEU 249	101	8
LEU 249	102	5
LEU 249	103	5
LEU 249	104	5
LEU 249	105	5
LEU 249	106	2
LEU 249	107	8
LEU 249	108	4
LEU 249	109	10
LEU 249	110	5
LEU 249	111	4
LEU 249	112	5
LEU 249	113	7
LEU 249	114	2
LEU 249	115	3
LEU 249	116	6
LEU 249	117	4
LEU 249	118	5
LEU 249	119	5
LEU 249	120	2
LEU 249	121	1
LEU 249	122	0
LEU 249	123	2
LEU 249	124	4
LEU 249	125	4
LEU 249	126	8
LEU 249	127	10
LEU 249	128	6
LEU 249	129	3
LEU 249	130	7
LEU 249	131	8
LEU 249	132	11
LEU 249	133	4
LEU 249	134	8
LEU 249	135	9
LEU 249	136	9
LEU 249	137	8
LEU 249	138	10
LEU 249	139	8
LEU 249	140	7
LEU 249	141	6
LEU 249	142	2
LEU 249	143	3
LEU 249	144	3
LEU 249	145	3
LEU 249	146	3
LEU 249	147	3
LEU 249	148	3
LEU 249	149	8
LEU 249	150	6
LEU 249	151	9
LEU 249	152	3
LEU 249	153	7
LEU 249	154	4
LEU 249	155	2
LEU 249	156	5
LEU 249	157	4
LEU 249	158	9
LEU 249	159	6
LEU 249	160	6
LEU 249	161	4
LEU 249	162	3
LEU 249	163	7
LEU 249	164	6
LEU 249	165	6
LEU 249	166	7
LEU 249	167	3
LEU 249	168	3
LEU 249	169	4
LEU 249	170	1
LEU 249	171	5
LEU 249	172	1
LEU 249	173	11
LEU 249	174	5
LEU 249	175	3
LEU 249	176	4
LEU 249	177	7
LEU 249	178	3
LEU 249	179	4
LEU 249	180	7
LEU 249	181	5
LEU 249	182	7
LEU 249	183	9
LEU 249	184	7
LEU 249	185	4
LEU 249	186	6
LEU 249	187	1
LEU 249	188	6
LEU 249	189	4
LEU 249	190	9
LEU 249	191	9
LEU 249	192	2
LEU 249	193	10
LEU 249	194	8
LEU 249	195	4
LEU 249	196	8
LEU 249	197	8
LEU 249	198	6
LEU 249	199	4
LEU 249	200	7
LEU 249	201	5
LEU 249	202	9
LEU 249	203	9
LEU 249	204	7
LEU 249	205	5
LEU 249	206	5
LEU 249	207	6
LEU 249	208	5
LEU 249	209	3
LEU 249	210	3
LEU 249	211	10
LEU 249	212	7
LEU 249	213	5
LEU 249	214	7
LEU 249	215	4
LEU 249	216	7
LEU 249	217	3
LEU 249	218	5
LEU 249	219	3
LEU 249	220	6
LEU 249	221	6
LEU 249	222	9
LEU 249	223	5
LEU 249	224	9
LEU 249	225	4
LEU 249	226	5
LEU 249	227	7
LEU 249	228	3
LEU 249	229	1
LEU 249	230	5
LEU 249	231	9
LEU 249	232	9
LEU 249	233	3
LEU 249	234	8
LEU 249	235	7
LEU 249	236	7
LEU 249	237	9
LEU 249	238	6
LEU 249	239	7
LEU 249	240	4
LEU 249	241	5
LEU 249	242	2
LEU 249	243	6
LEU 249	244	7
LEU 249	245	8
LEU 249	246	6
LEU 249	247	4
LEU 249	248	5
LEU 249	249	5
LEU 249	250	4
LEU 249	251	7
LEU 249	252	7
LEU 249	253	5
LEU 249	254	7
LEU 249	255	4
LEU 249	256	8
LEU 249	257	2
LEU 249	258	3
LEU 249	259	9
LEU 249	260	4
LEU 249	261	4
LEU 249	262	1
LEU 249	263	4
LEU 249	264	6
LEU 249	265	5
LEU 249	266	3
LEU 249	267	4
LEU 249	268	7
LEU 249	269	4
LEU 249	270	4
LEU 249	271	7
LEU 249	272	4
LEU 249	273	15
LEU 249	274	4
LEU 249	275	3
LEU 249	276	7
LEU 249	277	5
LEU 249	278	4
LEU 249	279	10
LEU 249	280	4
LEU 249	281	7
LEU 249	282	7
LEU 249	283	8
LEU 249	284	2
LEU 249	285	3
LEU 249	286	4
LEU 249	287	6
LEU 249	288	2
LEU 249	289	9
LEU 249	290	8
LEU 249	291	3
LEU 249	292	5
LEU 249	293	3
LEU 249	294	6
LEU 249	295	7
LEU 249	296	9
LEU 249	297	4
LEU 249	298	2
LEU 249	299	7
LEU 249	300	6
LEU 249	301	3
LEU 249	302	11
LEU 249	303	7
LEU 249	304	10
LEU 249	305	3
LEU 249	306	5
LEU 249	307	8
LEU 249	308	4
LEU 249	309	3
LEU 249	310	3
LEU 249	311	4
LEU 249	312	6
LEU 249	313	7
LEU 249	314	7
LEU 249	315	3
LEU 249	316	9
LEU 249	317	3
LEU 249	318	4
LEU 249	319	6
LEU 249	320	12
LEU 249	321	4
LEU 249	322	6
LEU 249	323	6
LEU 249	324	3
LEU 249	325	9
LEU 249	326	4
LEU 249	327	5
LEU 249	328	4
LEU 249	329	5
LEU 249	330	5
LEU 249	331	7
LEU 249	332	2
LEU 249	333	7
LEU 249	334	4
LEU 249	335	6
LEU 249	336	2
LEU 249	337	7
LEU 249	338	7
LEU 249	339	11
LEU 249	340	6
LEU 249	341	7
LEU 249	342	10
LEU 249	343	9
LEU 249	344	8
LEU 249	345	8
LEU 249	346	5
LEU 249	347	5
LEU 249	348	3
LEU 249	349	6
LEU 249	350	1
LEU 249	351	6
LEU 249	352	3
LEU 249	353	7
LEU 249	354	8
LEU 249	355	4
LEU 249	356	4
LEU 249	357	3
LEU 249	358	3
LEU 249	359	10
LEU 249	360	6
LEU 249	361	3
LEU 249	362	10
LEU 249	363	4
LEU 249	364	2
LEU 249	365	2
LEU 249	366	8
LEU 249	367	7
LEU 249	368	9
LEU 249	369	4
LEU 249	370	9
LEU 249	371	5
LEU 249	372	5
LEU 249	373	4
LEU 249	374	4
LEU 249	375	5
LEU 249	376	8
LEU 249	377	2
LEU 249	378	7
LEU 249	379	6
LEU 249	380	4
LEU 249	381	6
LEU 249	382	11
LEU 249	383	7
LEU 249	384	4
LEU 249	385	4
LEU 249	386	6
LEU 249	387	11
LEU 249	388	9
LEU 249	389	6
LEU 249	390	6
LEU 249	391	8
LEU 249	392	4
LEU 249	393	2
LEU 249	394	10
LEU 249	395	5
LEU 249	396	4
LEU 249	397	5
LEU 249	398	4
LEU 249	399	6
LEU 249	400	5
LEU 249	401	6
LEU 249	402	5
LEU 249	403	7
LEU 249	404	3
LEU 249	405	4
LEU 249	406	4
LEU 249	407	7
LEU 249	408	4
LEU 249	409	6
LEU 249	410	2
LEU 249	411	8
LEU 249	412	5
LEU 249	413	6
LEU 249	414	5
LEU 249	415	5
LEU 249	416	6
LEU 249	417	6
LEU 249	418	5
LEU 249	419	5
LEU 249	420	7
LEU 249	421	5
LEU 249	422	0
LEU 249	423	4
LEU 249	424	10
LEU 249	425	2
LEU 249	426	5
LEU 249	427	10
LEU 249	428	9
LEU 249	429	5
LEU 249	430	6
LEU 249	431	9
LEU 249	432	7
LEU 249	433	9
LEU 249	434	4
LEU 249	435	3
LEU 249	436	4
LEU 249	437	4
LEU 249	438	3
LEU 249	439	7
LEU 249	440	5
LEU 249	441	2
LEU 249	442	9
LEU 249	443	6
LEU 249	444	8
LEU 249	445	9
LEU 249	446	3
LEU 249	447	4
LEU 249	448	15
LEU 249	449	7
LEU 249	450	5
LEU 249	451	4
LEU 249	452	5
LEU 249	453	3
LEU 249	454	6
LEU 249	455	9
LEU 249	456	4
LEU 249	457	4
LEU 249	458	7
LEU 249	459	4
LEU 249	460	11
LEU 249	461	6
LEU 249	462	5
LEU 249	463	4
LEU 249	464	6
LEU 249	465	7
LEU 249	466	7
LEU 249	467	6
LEU 249	468	8
LEU 249	469	3
LEU 249	470	8
LEU 249	471	6
LEU 249	472	2
LEU 249	473	8
LEU 249	474	7
LEU 249	475	3
LEU 249	476	2
LEU 249	477	8
LEU 249	478	4
LEU 249	479	7
LEU 249	480	4
LEU 249	481	5
LEU 249	482	3
LEU 249	483	1
LEU 249	484	3
LEU 249	485	0
LEU 249	486	2
LEU 249	487	2
LEU 249	488	2
LEU 249	489	3
LEU 249	490	6
LEU 249	491	3
LEU 249	492	1
LEU 249	493	6
LEU 249	494	5
LEU 249	495	3
LEU 249	496	5
LEU 249	497	2
LEU 249	498	0
LEU 249	499	4
LEU 249	500	5
MET 270	0	1
MET 270	1	0
MET 270	2	3
MET 270	3	4
MET 270	4	2
MET 270	5	3
MET 270	6	3
MET 270	7	0
MET 270	8	0
MET 270	9	1
MET 270	10	4
MET 270	11	1
MET 270	12	4
MET 270	13	3
MET 270	14	3
MET 270	15	0
MET 270	16	7
MET 270	17	0
MET 270	18	1
MET 270	19	3
MET 270	20	1
MET 270	21	1
MET 270	22	0
MET 270	23	0
MET 270	24	0
MET 270	25	0
MET 270	26	1
MET 270	27	0
MET 270	28	0
MET 270	29	0
MET 270	30	1
MET 270	31	0
MET 270	32	0
MET 270	33	0
MET 270	34	0
MET 270	35	2
MET 270	36	0
MET 270	37	1
MET 270	38	3
MET 270	39	3
MET 270	40	5
MET 270	41	0
MET 270	42	4
MET 270	43	1
MET 270	44	0
MET 270	45	0
MET 270	46	3
MET 270	47	2
MET 270	48	2
MET 270	49	0
MET 270	50	5
MET 270	51	1
MET 270	52	5
MET 270	53	0
MET 270	54	0
MET 270	55	0
MET 270	56	2
MET 270	57	1
MET 270	58	2
MET 270	59	0
MET 270	60	4
MET 270	61	0
MET 270	62	0
MET 270	63	3
MET 270	64	0
MET 270	65	5
MET 270	66	1
MET 270	67	3
MET 270	68	0
MET 270	69	3
MET 270	70	2
MET 270	71	3
MET 270	72	2
MET 270	73	0
MET 270	74	0
MET 270	75	0
MET 270	76	3
MET 270	77	0
MET 270	78	3
MET 270	79	1
MET 270	80	0
MET 270	81	3
MET 270	82	0
MET 270	83	3
MET 270	84	2
MET 270	85	1
MET 270	86	3
MET 270	87	2
MET 270	88	1
MET 270	89	0
MET 270	90	4
MET 270	91	0
MET 270	92	7
MET 270	93	2
MET 270	94	1
MET 270	95	2
MET 270	96	4
MET 270	97	1
MET 270	98	0
MET 270	99	0
MET 270	100	0
MET 270	101	0
MET 270	102	0
MET 270	103	4
MET 270	104	0
MET 270	105	3
MET 270	106	1
MET 270	107	0
MET 270	108	2
MET 270	109	4
MET 270	110	2
MET 270	111	1
MET 270	112	3
MET 270	113	0
MET 270	114	0
MET 270	115	4
MET 270	116	3
MET 270	117	0
MET 270	118	5
MET 270	119	4
MET 270	120	0
MET 270	121	0
MET 270	122	5
MET 270	123	0
MET 270	124	0
MET 270	125	0
MET 270	126	0
MET 270	127	4
MET 270	128	1
MET 270	129	0
MET 270	130	8
MET 270	131	3
MET 270	132	2
MET 270	133	1
MET 270	134	1
MET 270	135	0
MET 270	136	1
MET 270	137	0
MET 270	138	0
MET 270	139	2
MET 270	140	7
MET 270	141	1
MET 270	142	2
MET 270	143	1
MET 270	144	0
MET 270	145	3
MET 270	146	3
MET 270	147	1
MET 270	148	4
MET 270	149	3
MET 270	150	2
MET 270	151	2
MET 270	152	0
MET 270	153	1
MET 270	154	0
MET 270	155	7
MET 270	156	0
MET 270	157	4
MET 270	158	3
MET 270	159	0
MET 270	160	3
MET 270	161	0
MET 270	162	2
MET 270	163	0
MET 270	164	0
MET 270	165	3
MET 270	166	0
MET 270	167	2
MET 270	168	1
MET 270	169	1
MET 270	170	2
MET 270	171	3
MET 270	172	2
MET 270	173	0
MET 270	174	2
MET 270	175	0
MET 270	176	1
MET 270	177	1
MET 270	178	1
MET 270	179	1
MET 270	180	3
MET 270	181	4
MET 270	182	3
MET 270	183	1
MET 270	184	3
MET 270	185	4
MET 270	186	1
MET 270	187	0
MET 270	188	0
MET 270	189	1
MET 270	190	3
MET 270	191	2
MET 270	192	0
MET 270	193	3
MET 270	194	1
MET 270	195	2
MET 270	196	1
MET 270	197	0
MET 270	198	2
MET 270	199	0
MET 270	200	4
MET 270	201	6
MET 270	202	3
MET 270	203	1
MET 270	204	1
MET 270	205	0
MET 270	206	0
MET 270	207	0
MET 270	208	0
MET 270	209	3
MET 270	210	0
MET 270	211	2
MET 270	212	3
MET 270	213	0
MET 270	214	4
MET 270	215	2
MET 270	216	4
MET 270	217	5
MET 270	218	7
MET 270	219	0
MET 270	220	0
MET 270	221	2
MET 270	222	3
MET 270	223	4
MET 270	224	1
MET 270	225	0
MET 270	226	0
MET 270	227	5
MET 270	228	2
MET 270	229	0
MET 270	230	0
MET 270	231	0
MET 270	232	2
MET 270	233	0
MET 270	234	0
MET 270	235	2
MET 270	236	3
MET 270	237	0
MET 270	238	0
MET 270	239	2
MET 270	240	1
MET 270	241	0
MET 270	242	0
MET 270	243	1
MET 270	244	0
MET 270	245	0
MET 270	246	0
MET 270	247	1
MET 270	248	0
MET 270	249	0
MET 270	250	5
MET 270	251	0
MET 270	252	0
MET 270	253	2
MET 270	254	6
MET 270	255	0
MET 270	256	2
MET 270	257	4
MET 270	258	0
MET 270	259	3
MET 270	260	3
MET 270	261	1
MET 270	262	1
MET 270	263	3
MET 270	264	1
MET 270	265	2
MET 270	266	0
MET 270	267	1
MET 270	268	4
MET 270	269	1
MET 270	270	4
MET 270	271	3
MET 270	272	3
MET 270	273	2
MET 270	274	1
MET 270	275	5
MET 270	276	0
MET 270	277	2
MET 270	278	1
MET 270	279	2
MET 270	280	0
MET 270	281	0
MET 270	282	2
MET 270	283	2
MET 270	284	1
MET 270	285	1
MET 270	286	2
MET 270	287	0
MET 270	288	0
MET 270	289	2
MET 270	290	0
MET 270	291	0
MET 270	292	1
MET 270	293	0
MET 270	294	1
MET 270	295	2
MET 270	296	0
MET 270	297	2
MET 270	298	0
MET 270	299	2
MET 270	300	7
MET 270	301	1
MET 270	302	0
MET 270	303	4
MET 270	304	1
MET 270	305	0
MET 270	306	0
MET 270	307	0
MET 270	308	2
MET 270	309	0
MET 270	310	1
MET 270	311	2
MET 270	312	4
MET 270	313	0
MET 270	314	0
MET 270	315	2
MET 270	316	1
MET 270	317	2
MET 270	318	2
MET 270	319	2
MET 270	320	0
MET 270	321	3
MET 270	322	2
MET 270	323	1
MET 270	324	0
MET 270	325	0
MET 270	326	0
MET 270	327	3
MET 270	328	1
MET 270	329	2
MET 270	330	0
MET 270	331	5
MET 270	332	0
MET 270	333	2
MET 270	334	3
MET 270	335	1
MET 270	336	0
MET 270	337	1
MET 270	338	0
MET 270	339	1
MET 270	340	0
MET 270	341	1
MET 270	342	0
MET 270	343	0
MET 270	344	0
MET 270	345	1
MET 270	346	0
MET 270	347	0
MET 270	348	0
MET 270	349	1
MET 270	350	0
MET 270	351	0
MET 270	352	1
MET 270	353	0
MET 270	354	0
MET 270	355	0
MET 270	356	1
MET 270	357	1
MET 270	358	0
MET 270	359	1
MET 270	360	1
MET 270	361	0
MET 270	362	1
MET 270	363	0
MET 270	364	3
MET 270	365	4
MET 270	366	1
MET 270	367	0
MET 270	368	2
MET 270	369	2
MET 270	370	1
MET 270	371	0
MET 270	372	2
MET 270	373	1
MET 270	374	0
MET 270	375	4
MET 270	376	1
MET 270	377	3
MET 270	378	0
MET 270	379	0
MET 270	380	3
MET 270	381	2
MET 270	382	2
MET 270	383	4
MET 270	384	0
MET 270	385	2
MET 270	386	3
MET 270	387	0
MET 270	388	3
MET 270	389	2
MET 270	390	0
MET 270	391	4
MET 270	392	0
MET 270	393	0
MET 270	394	1
MET 270	395	1
MET 270	396	2
MET 270	397	0
MET 270	398	4
MET 270	399	1
MET 270	400	2
MET 270	401	0
MET 270	402	0
MET 270	403	0
MET 270	404	3
MET 270	405	2
MET 270	406	2
MET 270	407	3
MET 270	408	5
MET 270	409	0
MET 270	410	0
MET 270	411	1
MET 270	412	1
MET 270	413	3
MET 270	414	1
MET 270	415	0
MET 270	416	1
MET 270	417	3
MET 270	418	1
MET 270	419	3
MET 270	420	0
MET 270	421	2
MET 270	422	0
MET 270	423	1
MET 270	424	2
MET 270	425	2
MET 270	426	0
MET 270	427	3
MET 270	428	0
MET 270	429	0
MET 270	430	3
MET 270	431	2
MET 270	432	0
MET 270	433	0
MET 270	434	1
MET 270	435	0
MET 270	436	0
MET 270	437	0
MET 270	438	0
MET 270	439	1
MET 270	440	0
MET 270	441	0
MET 270	442	0
MET 270	443	2
MET 270	444	0
MET 270	445	1
MET 270	446	0
MET 270	447	1
MET 270	448	2
MET 270	449	2
MET 270	450	2
MET 270	451	0
MET 270	452	0
MET 270	453	0
MET 270	454	3
MET 270	455	3
MET 270	456	3
MET 270	457	1
MET 270	458	0
MET 270	459	0
MET 270	460	0
MET 270	461	0
MET 270	462	2
MET 270	463	3
MET 270	464	0
MET 270	465	5
MET 270	466	4
MET 270	467	4
MET 270	468	4
MET 270	469	2
MET 270	470	4
MET 270	471	0
MET 270	472	1
MET 270	473	1
MET 270	474	3
MET 270	475	2
MET 270	476	0
MET 270	477	1
MET 270	478	4
MET 270	479	0
MET 270	480	1
MET 270	481	2
MET 270	482	0
MET 270	483	2
MET 270	484	0
MET 270	485	0
MET 270	486	3
MET 270	487	2
MET 270	488	2
MET 270	489	1
MET 270	490	3
MET 270	491	0
MET 270	492	6
MET 270	493	6
MET 270	494	5
MET 270	495	1
MET 270	496	3
MET 270	497	5
MET 270	498	2
MET 270	499	3
MET 270	500	5
SER 277	0	5
SER 277	1	5
SER 277	2	3
SER 277	3	4
SER 277	4	2
SER 277	5	5
SER 277	6	1
SER 277	7	0
SER 277	8	2
SER 277	9	6
SER 277	10	3
SER 277	11	6
SER 277	12	3
SER 277	13	5
SER 277	14	3
SER 277	15	4
SER 277	16	5
SER 277	17	5
SER 277	18	5
SER 277	19	4
SER 277	20	5
SER 277	21	6
SER 277	22	5
SER 277	23	6
SER 277	24	4
SER 277	25	5
SER 277	26	6
SER 277	27	6
SER 277	28	6
SER 277	29	6
SER 277	30	1
SER 277	31	3
SER 277	32	5
SER 277	33	3
SER 277	34	5
SER 277	35	6
SER 277	36	6
SER 277	37	6
SER 277	38	5
SER 277	39	4
SER 277	40	7
SER 277	41	5
SER 277	42	6
SER 277	43	4
SER 277	44	2
SER 277	45	5
SER 277	46	2
SER 277	47	2
SER 277	48	5
SER 277	49	4
SER 277	50	1
SER 277	51	3
SER 277	52	2
SER 277	53	3
SER 277	54	4
SER 277	55	6
SER 277	56	5
SER 277	57	0
SER 277	58	4
SER 277	59	5
SER 277	60	2
SER 277	61	5
SER 277	62	5
SER 277	63	3
SER 277	64	5
SER 277	65	4
SER 277	66	5
SER 277	67	3
SER 277	68	6
SER 277	69	5
SER 277	70	5
SER 277	71	5
SER 277	72	5
SER 277	73	5
SER 277	74	5
SER 277	75	1
SER 277	76	4
SER 277	77	5
SER 277	78	5
SER 277	79	5
SER 277	80	5
SER 277	81	2
SER 277	82	5
SER 277	83	5
SER 277	84	3
SER 277	85	4
SER 277	86	0
SER 277	87	4
SER 277	88	2
SER 277	89	6
SER 277	90	4
SER 277	91	1
SER 277	92	5
SER 277	93	4
SER 277	94	5
SER 277	95	6
SER 277	96	3
SER 277	97	3
SER 277	98	0
SER 277	99	3
SER 277	100	5
SER 277	101	4
SER 277	102	2
SER 277	103	3
SER 277	104	5
SER 277	105	2
SER 277	106	0
SER 277	107	2
SER 277	108	2
SER 277	109	5
SER 277	110	5
SER 277	111	5
SER 277	112	5
SER 277	113	6
SER 277	114	3
SER 277	115	6
SER 277	116	6
SER 277	117	5
SER 277	118	5
SER 277	119	5
SER 277	120	5
SER 277	121	4
SER 277	122	3
SER 277	123	6
SER 277	124	5
SER 277	125	4
SER 277	126	7
SER 277	127	5
SER 277	128	5
SER 277	129	3
SER 277	130	5
SER 277	131	3
SER 277	132	6
SER 277	133	1
SER 277	134	3
SER 277	135	2
SER 277	136	5
SER 277	137	5
SER 277	138	6
SER 277	139	6
SER 277	140	3
SER 277	141	5
SER 277	142	4
SER 277	143	6
SER 277	144	3
SER 277	145	5
SER 277	146	6
SER 277	147	6
SER 277	148	6
SER 277	149	4
SER 277	150	5
SER 277	151	5
SER 277	152	1
SER 277	153	5
SER 277	154	1
SER 277	155	4
SER 277	156	2
SER 277	157	4
SER 277	158	5
SER 277	159	5
SER 277	160	3
SER 277	161	5
SER 277	162	5
SER 277	163	0
SER 277	164	5
SER 277	165	6
SER 277	166	2
SER 277	167	6
SER 277	168	3
SER 277	169	6
SER 277	170	3
SER 277	171	0
SER 277	172	6
SER 277	173	2
SER 277	174	4
SER 277	175	5
SER 277	176	6
SER 277	177	4
SER 277	178	3
SER 277	179	5
SER 277	180	5
SER 277	181	6
SER 277	182	5
SER 277	183	4
SER 277	184	3
SER 277	185	0
SER 277	186	2
SER 277	187	3
SER 277	188	3
SER 277	189	4
SER 277	190	6
SER 277	191	5
SER 277	192	5
SER 277	193	3
SER 277	194	4
SER 277	195	3
SER 277	196	3
SER 277	197	5
SER 277	198	3
SER 277	199	6
SER 277	200	5
SER 277	201	5
SER 277	202	0
SER 277	203	6
SER 277	204	3
SER 277	205	4
SER 277	206	5
SER 277	207	5
SER 277	208	2
SER 277	209	6
SER 277	210	6
SER 277	211	7
SER 277	212	4
SER 277	213	0
SER 277	214	5
SER 277	215	5
SER 277	216	6
SER 277	217	3
SER 277	218	5
SER 277	219	5
SER 277	220	6
SER 277	221	6
SER 277	222	2
SER 277	223	2
SER 277	224	6
SER 277	225	6
SER 277	226	6
SER 277	227	1
SER 277	228	7
SER 277	229	7
SER 277	230	6
SER 277	231	5
SER 277	232	4
SER 277	233	0
SER 277	234	1
SER 277	235	0
SER 277	236	7
SER 277	237	6
SER 277	238	6
SER 277	239	4
SER 277	240	3
SER 277	241	3
SER 277	242	6
SER 277	243	1
SER 277	244	0
SER 277	245	5
SER 277	246	3
SER 277	247	3
SER 277	248	3
SER 277	249	2
SER 277	250	4
SER 277	251	5
SER 277	252	5
SER 277	253	2
SER 277	254	3
SER 277	255	3
SER 277	256	0
SER 277	257	3
SER 277	258	4
SER 277	259	5
SER 277	260	3
SER 277	261	0
SER 277	262	4
SER 277	263	3
SER 277	264	6
SER 277	265	4
SER 277	266	5
SER 277	267	6
SER 277	268	6
SER 277	269	7
SER 277	270	0
SER 277	271	1
SER 277	272	4
SER 277	273	3
SER 277	274	6
SER 277	275	3
SER 277	276	4
SER 277	277	2
SER 277	278	3
SER 277	279	6
SER 277	280	3
SER 277	281	6
SER 277	282	0
SER 277	283	2
SER 277	284	0
SER 277	285	0
SER 277	286	2
SER 277	287	0
SER 277	288	1
SER 277	289	2
SER 277	290	7
SER 277	291	4
SER 277	292	4
SER 277	293	6
SER 277	294	5
SER 277	295	5
SER 277	296	6
SER 277	297	6
SER 277	298	0
SER 277	299	2
SER 277	300	1
SER 277	301	0
SER 277	302	5
SER 277	303	4
SER 277	304	2
SER 277	305	5
SER 277	306	5
SER 277	307	6
SER 277	308	6
SER 277	309	5
SER 277	310	5
SER 277	311	7
SER 277	312	4
SER 277	313	5
SER 277	314	4
SER 277	315	5
SER 277	316	4
SER 277	317	4
SER 277	318	3
SER 277	319	5
SER 277	320	4
SER 277	321	6
SER 277	322	5
SER 277	323	6
SER 277	324	8
SER 277	325	6
SER 277	326	5
SER 277	327	3
SER 277	328	0
SER 277	329	5
SER 277	330	5
SER 277	331	5
SER 277	332	5
SER 277	333	4
SER 277	334	6
SER 277	335	5
SER 277	336	5
SER 277	337	6
SER 277	338	7
SER 277	339	5
SER 277	340	6
SER 277	341	4
SER 277	342	4
SER 277	343	5
SER 277	344	5
SER 277	345	3
SER 277	346	5
SER 277	347	6
SER 277	348	5
SER 277	349	1
SER 277	350	0
SER 277	351	3
SER 277	352	3
SER 277	353	6
SER 277	354	4
SER 277	355	2
SER 277	356	4
SER 277	357	3
SER 277	358	7
SER 277	359	3
SER 277	360	2
SER 277	361	3
SER 277	362	6
SER 277	363	0
SER 277	364	4
SER 277	365	3
SER 277	366	3
SER 277	367	2
SER 277	368	5
SER 277	369	4
SER 277	370	3
SER 277	371	5
SER 277	372	5
SER 277	373	3
SER 277	374	3
SER 277	375	3
SER 277	376	4
SER 277	377	3
SER 277	378	4
SER 277	379	4
SER 277	380	2
SER 277	381	4
SER 277	382	5
SER 277	383	5
SER 277	384	4
SER 277	385	3
SER 277	386	3
SER 277	387	2
SER 277	388	3
SER 277	389	3
SER 277	390	4
SER 277	391	3
SER 277	392	2
SER 277	393	3
SER 277	394	5
SER 277	395	4
SER 277	396	3
SER 277	397	6
SER 277	398	3
SER 277	399	3
SER 277	400	3
SER 277	401	3
SER 277	402	4
SER 277	403	2
SER 277	404	3
SER 277	405	2
SER 277	406	6
SER 277	407	3
SER 277	408	4
SER 277	409	2
SER 277	410	2
SER 277	411	4
SER 277	412	4
SER 277	413	3
SER 277	414	3
SER 277	415	4
SER 277	416	2
SER 277	417	4
SER 277	418	3
SER 277	419	6
SER 277	420	3
SER 277	421	3
SER 277	422	3
SER 277	423	2
SER 277	424	3
SER 277	425	3
SER 277	426	3
SER 277	427	3
SER 277	428	4
SER 277	429	3
SER 277	430	4
SER 277	431	3
SER 277	432	5
SER 277	433	3
SER 277	434	3
SER 277	435	3
SER 277	436	3
SER 277	437	2
SER 277	438	2
SER 277	439	2
SER 277	440	0
SER 277	441	1
SER 277	442	7
SER 277	443	3
SER 277	444	2
SER 277	445	6
SER 277	446	1
SER 277	447	6
SER 277	448	4
SER 277	449	6
SER 277	450	5
SER 277	451	6
SER 277	452	3
SER 277	453	6
SER 277	454	6
SER 277	455	6
SER 277	456	3
SER 277	457	6
SER 277	458	4
SER 277	459	4
SER 277	460	5
SER 277	461	6
SER 277	462	4
SER 277	463	5
SER 277	464	2
SER 277	465	0
SER 277	466	3
SER 277	467	3
SER 277	468	7
SER 277	469	5
SER 277	470	7
SER 277	471	6
SER 277	472	4
SER 277	473	6
SER 277	474	1
SER 277	475	5
SER 277	476	6
SER 277	477	5
SER 277	478	5
SER 277	479	6
SER 277	480	4
SER 277	481	3
SER 277	482	4
SER 277	483	2
SER 277	484	3
SER 277	485	4
SER 277	486	6
SER 277	487	6
SER 277	488	5
SER 277	489	4
SER 277	490	7
SER 277	491	6
SER 277	492	4
SER 277	493	5
SER 277	494	6
SER 277	495	4
SER 277	496	4
SER 277	497	6
SER 277	498	5
SER 277	499	3
SER 277	500	4
HSD 278	0	4
HSD 278	1	1
HSD 278	2	4
HSD 278	3	3
HSD 278	4	1
HSD 278	5	3
HSD 278	6	4
HSD 278	7	8
HSD 278	8	1
HSD 278	9	6
HSD 278	10	5
HSD 278	11	3
HSD 278	12	2
HSD 278	13	4
HSD 278	14	3
HSD 278	15	3
HSD 278	16	3
HSD 278	17	5
HSD 278	18	4
HSD 278	19	3
HSD 278	20	4
HSD 278	21	3
HSD 278	22	3
HSD 278	23	5
HSD 278	24	5
HSD 278	25	3
HSD 278	26	6
HSD 278	27	3
HSD 278	28	2
HSD 278	29	3
HSD 278	30	9
HSD 278	31	5
HSD 278	32	3
HSD 278	33	6
HSD 278	34	7
HSD 278	35	5
HSD 278	36	4
HSD 278	37	2
HSD 278	38	3
HSD 278	39	6
HSD 278	40	1
HSD 278	41	5
HSD 278	42	3
HSD 278	43	7
HSD 278	44	6
HSD 278	45	5
HSD 278	46	4
HSD 278	47	2
HSD 278	48	4
HSD 278	49	8
HSD 278	50	6
HSD 278	51	5
HSD 278	52	7
HSD 278	53	7
HSD 278	54	4
HSD 278	55	3
HSD 278	56	5
HSD 278	57	6
HSD 278	58	6
HSD 278	59	3
HSD 278	60	6
HSD 278	61	3
HSD 278	62	6
HSD 278	63	1
HSD 278	64	1
HSD 278	65	5
HSD 278	66	1
HSD 278	67	4
HSD 278	68	3
HSD 278	69	3
HSD 278	70	4
HSD 278	71	6
HSD 278	72	2
HSD 278	73	2
HSD 278	74	6
HSD 278	75	8
HSD 278	76	7
HSD 278	77	4
HSD 278	78	5
HSD 278	79	8
HSD 278	80	8
HSD 278	81	7
HSD 278	82	5
HSD 278	83	3
HSD 278	84	2
HSD 278	85	5
HSD 278	86	9
HSD 278	87	8
HSD 278	88	4
HSD 278	89	1
HSD 278	90	9
HSD 278	91	7
HSD 278	92	7
HSD 278	93	1
HSD 278	94	4
HSD 278	95	5
HSD 278	96	5
HSD 278	97	3
HSD 278	98	5
HSD 278	99	5
HSD 278	100	6
HSD 278	101	3
HSD 278	102	7
HSD 278	103	5
HSD 278	104	8
HSD 278	105	10
HSD 278	106	12
HSD 278	107	4
HSD 278	108	8
HSD 278	109	4
HSD 278	110	3
HSD 278	111	5
HSD 278	112	1
HSD 278	113	1
HSD 278	114	1
HSD 278	115	3
HSD 278	116	3
HSD 278	117	6
HSD 278	118	3
HSD 278	119	2
HSD 278	120	4
HSD 278	121	5
HSD 278	122	3
HSD 278	123	4
HSD 278	124	1
HSD 278	125	5
HSD 278	126	3
HSD 278	127	3
HSD 278	128	3
HSD 278	129	2
HSD 278	130	4
HSD 278	131	6
HSD 278	132	6
HSD 278	133	3
HSD 278	134	2
HSD 278	135	9
HSD 278	136	4
HSD 278	137	1
HSD 278	138	3
HSD 278	139	4
HSD 278	140	1
HSD 278	141	5
HSD 278	142	7
HSD 278	143	7
HSD 278	144	4
HSD 278	145	3
HSD 278	146	3
HSD 278	147	1
HSD 278	148	2
HSD 278	149	7
HSD 278	150	4
HSD 278	151	3
HSD 278	152	8
HSD 278	153	6
HSD 278	154	6
HSD 278	155	5
HSD 278	156	7
HSD 278	157	3
HSD 278	158	3
HSD 278	159	3
HSD 278	160	3
HSD 278	161	3
HSD 278	162	3
HSD 278	163	3
HSD 278	164	8
HSD 278	165	1
HSD 278	166	3
HSD 278	167	2
HSD 278	168	7
HSD 278	169	4
HSD 278	170	0
HSD 278	171	9
HSD 278	172	3
HSD 278	173	2
HSD 278	174	5
HSD 278	175	2
HSD 278	176	4
HSD 278	177	4
HSD 278	178	4
HSD 278	179	1
HSD 278	180	6
HSD 278	181	3
HSD 278	182	6
HSD 278	183	8
HSD 278	184	4
HSD 278	185	7
HSD 278	186	8
HSD 278	187	4
HSD 278	188	8
HSD 278	189	5
HSD 278	190	6
HSD 278	191	6
HSD 278	192	5
HSD 278	193	8
HSD 278	194	4
HSD 278	195	1
HSD 278	196	3
HSD 278	197	5
HSD 278	198	6
HSD 278	199	2
HSD 278	200	5
HSD 278	201	5
HSD 278	202	7
HSD 278	203	8
HSD 278	204	6
HSD 278	205	1
HSD 278	206	4
HSD 278	207	6
HSD 278	208	4
HSD 278	209	1
HSD 278	210	3
HSD 278	211	8
HSD 278	212	6
HSD 278	213	6
HSD 278	214	6
HSD 278	215	4
HSD 278	216	6
HSD 278	217	3
HSD 278	218	3
HSD 278	219	6
HSD 278	220	6
HSD 278	221	3
HSD 278	222	6
HSD 278	223	3
HSD 278	224	5
HSD 278	225	7
HSD 278	226	6
HSD 278	227	4
HSD 278	228	2
HSD 278	229	4
HSD 278	230	6
HSD 278	231	3
HSD 278	232	3
HSD 278	233	8
HSD 278	234	3
HSD 278	235	8
HSD 278	236	3
HSD 278	237	1
HSD 278	238	4
HSD 278	239	3
HSD 278	240	5
HSD 278	241	2
HSD 278	242	1
HSD 278	243	7
HSD 278	244	2
HSD 278	245	5
HSD 278	246	3
HSD 278	247	1
HSD 278	248	2
HSD 278	249	3
HSD 278	250	4
HSD 278	251	6
HSD 278	252	4
HSD 278	253	0
HSD 278	254	7
HSD 278	255	2
HSD 278	256	6
HSD 278	257	1
HSD 278	258	1
HSD 278	259	2
HSD 278	260	0
HSD 278	261	9
HSD 278	262	1
HSD 278	263	1
HSD 278	264	4
HSD 278	265	1
HSD 278	266	4
HSD 278	267	1
HSD 278	268	3
HSD 278	269	3
HSD 278	270	4
HSD 278	271	7
HSD 278	272	6
HSD 278	273	5
HSD 278	274	5
HSD 278	275	3
HSD 278	276	5
HSD 278	277	5
HSD 278	278	5
HSD 278	279	5
HSD 278	280	3
HSD 278	281	5
HSD 278	282	0
HSD 278	283	0
HSD 278	284	0
HSD 278	285	0
HSD 278	286	0
HSD 278	287	0
HSD 278	288	0
HSD 278	289	0
HSD 278	290	5
HSD 278	291	6
HSD 278	292	1
HSD 278	293	0
HSD 278	294	3
HSD 278	295	7
HSD 278	296	5
HSD 278	297	3
HSD 278	298	0
HSD 278	299	0
HSD 278	300	0
HSD 278	301	0
HSD 278	302	3
HSD 278	303	8
HSD 278	304	5
HSD 278	305	6
HSD 278	306	6
HSD 278	307	7
HSD 278	308	5
HSD 278	309	7
HSD 278	310	2
HSD 278	311	4
HSD 278	312	1
HSD 278	313	7
HSD 278	314	5
HSD 278	315	3
HSD 278	316	3
HSD 278	317	8
HSD 278	318	6
HSD 278	319	3
HSD 278	320	3
HSD 278	321	7
HSD 278	322	3
HSD 278	323	8
HSD 278	324	4
HSD 278	325	6
HSD 278	326	7
HSD 278	327	1
HSD 278	328	0
HSD 278	329	0
HSD 278	330	3
HSD 278	331	3
HSD 278	332	5
HSD 278	333	5
HSD 278	334	5
HSD 278	335	6
HSD 278	336	5
HSD 278	337	4
HSD 278	338	7
HSD 278	339	4
HSD 278	340	7
HSD 278	341	7
HSD 278	342	2
HSD 278	343	4
HSD 278	344	4
HSD 278	345	0
HSD 278	346	7
HSD 278	347	4
HSD 278	348	6
HSD 278	349	3
HSD 278	350	6
HSD 278	351	4
HSD 278	352	0
HSD 278	353	6
HSD 278	354	4
HSD 278	355	7
HSD 278	356	1
HSD 278	357	4
HSD 278	358	7
HSD 278	359	8
HSD 278	360	3
HSD 278	361	6
HSD 278	362	9
HSD 278	363	7
HSD 278	364	3
HSD 278	365	4
HSD 278	366	6
HSD 278	367	5
HSD 278	368	7
HSD 278	369	6
HSD 278	370	4
HSD 278	371	6
HSD 278	372	8
HSD 278	373	5
HSD 278	374	4
HSD 278	375	4
HSD 278	376	7
HSD 278	377	3
HSD 278	378	5
HSD 278	379	5
HSD 278	380	5
HSD 278	381	6
HSD 278	382	1
HSD 278	383	4
HSD 278	384	7
HSD 278	385	5
HSD 278	386	4
HSD 278	387	2
HSD 278	388	4
HSD 278	389	2
HSD 278	390	6
HSD 278	391	2
HSD 278	392	3
HSD 278	393	4
HSD 278	394	1
HSD 278	395	6
HSD 278	396	6
HSD 278	397	5
HSD 278	398	3
HSD 278	399	2
HSD 278	400	0
HSD 278	401	3
HSD 278	402	7
HSD 278	403	2
HSD 278	404	5
HSD 278	405	5
HSD 278	406	7
HSD 278	407	2
HSD 278	408	2
HSD 278	409	0
HSD 278	410	7
HSD 278	411	4
HSD 278	412	6
HSD 278	413	3
HSD 278	414	4
HSD 278	415	5
HSD 278	416	4
HSD 278	417	6
HSD 278	418	3
HSD 278	419	2
HSD 278	420	7
HSD 278	421	2
HSD 278	422	6
HSD 278	423	4
HSD 278	424	4
HSD 278	425	9
HSD 278	426	4
HSD 278	427	6
HSD 278	428	7
HSD 278	429	7
HSD 278	430	5
HSD 278	431	5
HSD 278	432	1
HSD 278	433	5
HSD 278	434	7
HSD 278	435	3
HSD 278	436	2
HSD 278	437	9
HSD 278	438	7
HSD 278	439	0
HSD 278	440	0
HSD 278	441	0
HSD 278	442	3
HSD 278	443	2
HSD 278	444	6
HSD 278	445	3
HSD 278	446	8
HSD 278	447	9
HSD 278	448	6
HSD 278	449	4
HSD 278	450	6
HSD 278	451	2
HSD 278	452	4
HSD 278	453	6
HSD 278	454	5
HSD 278	455	4
HSD 278	456	1
HSD 278	457	3
HSD 278	458	5
HSD 278	459	6
HSD 278	460	4
HSD 278	461	7
HSD 278	462	3
HSD 278	463	5
HSD 278	464	4
HSD 278	465	9
HSD 278	466	6
HSD 278	467	6
HSD 278	468	7
HSD 278	469	6
HSD 278	470	6
HSD 278	471	3
HSD 278	472	2
HSD 278	473	3
HSD 278	474	4
HSD 278	475	1
HSD 278	476	4
HSD 278	477	4
HSD 278	478	6
HSD 278	479	6
HSD 278	480	6
HSD 278	481	7
HSD 278	482	8
HSD 278	483	4
HSD 278	484	5
HSD 278	485	6
HSD 278	486	3
HSD 278	487	6
HSD 278	488	8
HSD 278	489	4
HSD 278	490	7
HSD 278	491	6
HSD 278	492	4
HSD 278	493	7
HSD 278	494	5
HSD 278	495	6
HSD 278	496	9
HSD 278	497	6
HSD 278	498	4
HSD 278	499	6
HSD 278	500	6
